Date and time:,2020-12-17 11:33:27
Notes:

Chronoamperometry: CA I vs t
Date and time measurement:,2020-09-23 17:10:43,
s,µA
0.00000E+000,8.84390E-003
1.00000E-002,6.28138E-003
2.00000E-002,5.03135E-003
3.00000E-002,4.71878E-003
4.00000E-002,4.03118E-003
5.00000E-002,3.15943E-003
6.00000E-002,2.94693E-003
7.00000E-002,2.72191E-003
8.00000E-002,2.66566E-003
9.00000E-002,2.49066E-003
1.00000E-001,2.45097E-003
1.10000E-001,2.36660E-003
1.20000E-001,2.26472E-003
1.30000E-001,2.31035E-003
1.40000E-001,2.14597E-003
1.50000E-001,2.17659E-003
1.60000E-001,2.12285E-003
1.70000E-001,2.06784E-003
1.80000E-001,2.14472E-003
1.90000E-001,1.98722E-003
2.00000E-001,2.03409E-003
2.10000E-001,1.96972E-003
2.20000E-001,1.91534E-003
2.30000E-001,2.00534E-003
2.40000E-001,1.89284E-003
2.50000E-001,1.94534E-003
2.60000E-001,1.91034E-003
2.70000E-001,1.84284E-003
2.80000E-001,1.93347E-003
2.90000E-001,1.80971E-003
3.00000E-001,1.88222E-003
3.10000E-001,1.90409E-003
3.20000E-001,1.81909E-003
3.30000E-001,1.90284E-003
3.40000E-001,1.76409E-003
3.50000E-001,1.83784E-003
3.60000E-001,1.82347E-003
3.70000E-001,1.76284E-003
3.80000E-001,1.86659E-003
3.90000E-001,1.75034E-003
4.00000E-001,1.82221E-003
4.10000E-001,1.78409E-003
4.20000E-001,1.72409E-003
4.30000E-001,1.83471E-003
4.40000E-001,1.71596E-003
4.50000E-001,1.79034E-003
4.60000E-001,1.77659E-003
4.70000E-001,1.67034E-003
4.80000E-001,1.80471E-003
4.90000E-001,1.67909E-003
5.00000E-001,1.75596E-003
5.10000E-001,1.74909E-003
5.20000E-001,1.69846E-003
5.30000E-001,1.79596E-003
5.40000E-001,1.67784E-003
5.50000E-001,1.74659E-003
5.60000E-001,1.73284E-003
5.70000E-001,1.67909E-003
5.80000E-001,1.77222E-003
5.90000E-001,1.65659E-003
6.00000E-001,1.73471E-003
6.10000E-001,1.71471E-003
6.20000E-001,1.66409E-003
6.30000E-001,1.75721E-003
6.40000E-001,1.65346E-003
6.50000E-001,1.71034E-003
6.60000E-001,1.70471E-003
6.70000E-001,1.64534E-003
6.80000E-001,1.74222E-003
6.90000E-001,1.63471E-003
7.00000E-001,1.69534E-003
7.10000E-001,1.68596E-003
7.20000E-001,1.62096E-003
7.30000E-001,1.74721E-003
7.40000E-001,1.61534E-003
7.50000E-001,1.69909E-003
7.60000E-001,1.66784E-003
7.70000E-001,1.62596E-003
7.80000E-001,1.73159E-003
7.90000E-001,1.63346E-003
8.00000E-001,1.69721E-003
8.10000E-001,1.68284E-003
8.20000E-001,1.61284E-003
8.30000E-001,1.72284E-003
8.40000E-001,1.63221E-003
8.50000E-001,1.69034E-003
8.60000E-001,1.69409E-003
8.70000E-001,1.63659E-003
8.80000E-001,1.73721E-003
8.90000E-001,1.59346E-003
9.00000E-001,1.67846E-003
9.10000E-001,1.68096E-003
9.20000E-001,1.61659E-003
9.30000E-001,1.73284E-003
9.40000E-001,1.62221E-003
9.50000E-001,1.68784E-003
9.60000E-001,1.68159E-003
9.70000E-001,1.62409E-003
9.80000E-001,1.72034E-003
9.90000E-001,1.63596E-003
1.00000E+000,1.68096E-003
1.01000E+000,1.66659E-003
1.02000E+000,1.59034E-003
1.03000E+000,1.70221E-003
1.04000E+000,1.60909E-003
1.05000E+000,1.67471E-003
1.06000E+000,1.66659E-003
1.07000E+000,1.61096E-003
1.08000E+000,1.70471E-003
1.09000E+000,1.59346E-003
1.10000E+000,1.63159E-003
1.11000E+000,1.63784E-003
1.12000E+000,1.58784E-003
1.13000E+000,1.67284E-003
1.14000E+000,1.57784E-003
1.15000E+000,1.61471E-003
1.16000E+000,1.64159E-003
1.17000E+000,1.56534E-003
1.18000E+000,1.68221E-003
1.19000E+000,1.56221E-003
1.20000E+000,1.63659E-003
1.21000E+000,1.63471E-003
1.22000E+000,1.57971E-003
1.23000E+000,1.66909E-003
1.24000E+000,1.56034E-003
1.25000E+000,1.64034E-003
1.26000E+000,1.62034E-003
1.27000E+000,1.57221E-003
1.28000E+000,1.65471E-003
1.29000E+000,1.57971E-003
1.30000E+000,1.61909E-003
1.31000E+000,1.63596E-003
1.32000E+000,1.56034E-003
1.33000E+000,1.67159E-003
1.34000E+000,1.56346E-003
1.35000E+000,1.64096E-003
1.36000E+000,1.63284E-003
1.37000E+000,1.56221E-003
1.38000E+000,1.66846E-003
1.39000E+000,1.54409E-003
1.40000E+000,1.62096E-003
1.41000E+000,1.66784E-003
1.42000E+000,1.58284E-003
1.43000E+000,1.67659E-003
1.44000E+000,1.57659E-003
1.45000E+000,1.65096E-003
1.46000E+000,1.62409E-003
1.47000E+000,1.56846E-003
1.48000E+000,1.67284E-003
1.49000E+000,1.55346E-003
1.50000E+000,1.61846E-003
1.51000E+000,1.64471E-003
1.52000E+000,1.56971E-003
1.53000E+000,1.66784E-003
1.54000E+000,1.57284E-003
1.55000E+000,1.62159E-003
1.56000E+000,1.62659E-003
1.57000E+000,1.53409E-003
1.58000E+000,1.66784E-003
1.59000E+000,1.56534E-003
1.60000E+000,1.61721E-003
1.61000E+000,1.62909E-003
1.62000E+000,1.56909E-003
1.63000E+000,1.64909E-003
1.64000E+000,1.54971E-003
1.65000E+000,1.62659E-003
1.66000E+000,1.59971E-003
1.67000E+000,1.55534E-003
1.68000E+000,1.65659E-003
1.69000E+000,1.55409E-003
1.70000E+000,1.59659E-003
1.71000E+000,1.62971E-003
1.72000E+000,1.56159E-003
1.73000E+000,1.65409E-003
1.74000E+000,1.56221E-003
1.75000E+000,1.60971E-003
1.76000E+000,1.61846E-003
1.77000E+000,1.55596E-003
1.78000E+000,1.66409E-003
1.79000E+000,1.56096E-003
1.80000E+000,1.65159E-003
1.81000E+000,1.61721E-003
1.82000E+000,1.55159E-003
1.83000E+000,1.65409E-003
1.84000E+000,1.55346E-003
1.85000E+000,1.61971E-003
1.86000E+000,1.61784E-003
1.87000E+000,1.54783E-003
1.88000E+000,1.66596E-003
1.89000E+000,1.54596E-003
1.90000E+000,1.59784E-003
1.91000E+000,1.60284E-003
1.92000E+000,1.55909E-003
1.93000E+000,1.65471E-003
1.94000E+000,1.54721E-003
1.95000E+000,1.61159E-003
1.96000E+000,1.61034E-003
1.97000E+000,1.56409E-003
1.98000E+000,1.67409E-003
1.99000E+000,1.53784E-003
2.00000E+000,1.57909E-003
2.01000E+000,1.60846E-003
2.02000E+000,1.54346E-003
2.03000E+000,1.62784E-003
2.04000E+000,1.53221E-003
2.05000E+000,1.60034E-003
2.06000E+000,1.60534E-003
2.07000E+000,1.56284E-003
2.08000E+000,1.65284E-003
2.09000E+000,1.53908E-003
2.10000E+000,1.59909E-003
2.11000E+000,1.59721E-003
2.12000E+000,1.55096E-003
2.13000E+000,1.64034E-003
2.14000E+000,1.53784E-003
2.15000E+000,1.60596E-003
2.16000E+000,1.61409E-003
2.17000E+000,1.54534E-003
2.18000E+000,1.67034E-003
2.19000E+000,1.57346E-003
2.20000E+000,1.61096E-003
2.21000E+000,1.60846E-003
2.22000E+000,1.55971E-003
2.23000E+000,1.65721E-003
2.24000E+000,1.57096E-003
2.25000E+000,1.61034E-003
2.26000E+000,1.59659E-003
2.27000E+000,1.52221E-003
2.28000E+000,1.64846E-003
2.29000E+000,1.53033E-003
2.30000E+000,1.60159E-003
2.31000E+000,1.60909E-003
2.32000E+000,1.52971E-003
2.33000E+000,1.63034E-003
2.34000E+000,1.53471E-003
2.35000E+000,1.61096E-003
2.36000E+000,1.62409E-003
2.37000E+000,1.56159E-003
2.38000E+000,1.58846E-003
2.39000E+000,1.52596E-003
2.40000E+000,1.57909E-003
2.41000E+000,1.60784E-003
2.42000E+000,1.53908E-003
2.43000E+000,1.64034E-003
2.44000E+000,1.53846E-003
2.45000E+000,1.59784E-003
2.46000E+000,1.61659E-003
2.47000E+000,1.53096E-003
2.48000E+000,1.67409E-003
2.49000E+000,1.55034E-003
2.50000E+000,1.59721E-003
2.51000E+000,1.59846E-003
2.52000E+000,1.54596E-003
2.53000E+000,1.63909E-003
2.54000E+000,1.52096E-003
2.55000E+000,1.59159E-003
2.56000E+000,1.58721E-003
2.57000E+000,1.53659E-003
2.58000E+000,1.62284E-003
2.59000E+000,1.53221E-003
2.60000E+000,1.58096E-003
2.61000E+000,1.61409E-003
2.62000E+000,1.52346E-003
2.63000E+000,1.63659E-003
2.64000E+000,1.49909E-003
2.65000E+000,1.57596E-003
2.66000E+000,1.59096E-003
2.67000E+000,1.50846E-003
2.68000E+000,1.62534E-003
2.69000E+000,1.51971E-003
2.70000E+000,1.55909E-003
2.71000E+000,1.58721E-003
2.72000E+000,1.51971E-003
2.73000E+000,1.63346E-003
2.74000E+000,1.51034E-003
2.75000E+000,1.56409E-003
2.76000E+000,1.59221E-003
2.77000E+000,1.49283E-003
2.78000E+000,1.62034E-003
2.79000E+000,1.52221E-003
2.80000E+000,1.56096E-003
2.81000E+000,1.55721E-003
2.82000E+000,1.49971E-003
2.83000E+000,1.60221E-003
2.84000E+000,1.51846E-003
2.85000E+000,1.56284E-003
2.86000E+000,1.59721E-003
2.87000E+000,1.51534E-003
2.88000E+000,1.60971E-003
2.89000E+000,1.49784E-003
2.90000E+000,1.55096E-003
2.91000E+000,1.58784E-003
2.92000E+000,1.50096E-003
2.93000E+000,1.61659E-003
2.94000E+000,1.51096E-003
2.95000E+000,1.55596E-003
2.96000E+000,1.58534E-003
2.97000E+000,1.52346E-003
2.98000E+000,1.61284E-003
2.99000E+000,1.50846E-003
3.00000E+000,1.57721E-003
3.01000E+000,1.58096E-003
3.02000E+000,1.49971E-003
3.03000E+000,1.63346E-003
3.04000E+000,1.50846E-003
3.05000E+000,1.55721E-003
3.06000E+000,1.58471E-003
3.07000E+000,1.50846E-003
3.08000E+000,1.61971E-003
3.09000E+000,1.52284E-003
3.10000E+000,1.56346E-003
3.11000E+000,1.59159E-003
3.12000E+000,1.51534E-003
3.13000E+000,1.64159E-003
3.14000E+000,1.52409E-003
3.15000E+000,1.56721E-003
3.16000E+000,1.60221E-003
3.17000E+000,1.50096E-003
3.18000E+000,1.62909E-003
3.19000E+000,1.49409E-003
3.20000E+000,1.57971E-003
3.21000E+000,1.59784E-003
3.22000E+000,1.51971E-003
3.23000E+000,1.64909E-003
3.24000E+000,1.52534E-003
3.25000E+000,1.57721E-003
3.26000E+000,1.60096E-003
3.27000E+000,1.52846E-003
3.28000E+000,1.61909E-003
3.29000E+000,1.57096E-003
3.30000E+000,1.59284E-003
3.31000E+000,1.61284E-003
3.32000E+000,1.53471E-003
3.33000E+000,1.65409E-003
3.34000E+000,1.52971E-003
3.35000E+000,1.57846E-003
3.36000E+000,1.60846E-003
3.37000E+000,1.50471E-003
3.38000E+000,1.62909E-003
3.39000E+000,1.53033E-003
3.40000E+000,1.57409E-003
3.41000E+000,1.59596E-003
3.42000E+000,1.54409E-003
3.43000E+000,1.62721E-003
3.44000E+000,1.53471E-003
3.45000E+000,1.56721E-003
3.46000E+000,1.59659E-003
3.47000E+000,1.51471E-003
3.48000E+000,1.62221E-003
3.49000E+000,1.52721E-003
3.50000E+000,1.55784E-003
3.51000E+000,1.56784E-003
3.52000E+000,1.48783E-003
3.53000E+000,1.61409E-003
3.54000E+000,1.50096E-003
3.55000E+000,1.53908E-003
3.56000E+000,1.59409E-003
3.57000E+000,1.49909E-003
3.58000E+000,1.59034E-003
3.59000E+000,1.51471E-003
3.60000E+000,1.53784E-003
3.61000E+000,1.59471E-003
3.62000E+000,1.50284E-003
3.63000E+000,1.61159E-003
3.64000E+000,1.51909E-003
3.65000E+000,1.57534E-003
3.66000E+000,1.59596E-003
3.67000E+000,1.51346E-003
3.68000E+000,1.62346E-003
3.69000E+000,1.52971E-003
3.70000E+000,1.54096E-003
3.71000E+000,1.59346E-003
3.72000E+000,1.51534E-003
3.73000E+000,1.61159E-003
3.74000E+000,1.53033E-003
3.75000E+000,1.53471E-003
3.76000E+000,1.57534E-003
3.77000E+000,1.49534E-003
3.78000E+000,1.59909E-003
3.79000E+000,1.49784E-003
3.80000E+000,1.53534E-003
3.81000E+000,1.58221E-003
3.82000E+000,1.47471E-003
3.83000E+000,1.59784E-003
3.84000E+000,1.51096E-003
3.85000E+000,1.55346E-003
3.86000E+000,1.57534E-003
3.87000E+000,1.46846E-003
3.88000E+000,1.59596E-003
3.89000E+000,1.51283E-003
3.90000E+000,1.53221E-003
3.91000E+000,1.55471E-003
3.92000E+000,1.48159E-003
3.93000E+000,1.58784E-003
3.94000E+000,1.52346E-003
3.95000E+000,1.55159E-003
3.96000E+000,1.58034E-003
3.97000E+000,1.52909E-003
3.98000E+000,1.60096E-003
3.99000E+000,1.51471E-003
4.00000E+000,1.52034E-003
4.01000E+000,1.57534E-003
4.02000E+000,1.50784E-003
4.03000E+000,1.62159E-003
4.04000E+000,1.52658E-003
4.05000E+000,1.58346E-003
4.06000E+000,1.61909E-003
4.07000E+000,1.52221E-003
4.08000E+000,1.63096E-003
4.09000E+000,1.51909E-003
4.10000E+000,1.62596E-003
4.11000E+000,1.60034E-003
4.12000E+000,1.52158E-003
4.13000E+000,1.62409E-003
4.14000E+000,1.54971E-003
4.15000E+000,1.57159E-003
4.16000E+000,1.60971E-003
4.17000E+000,1.51034E-003
4.18000E+000,1.63159E-003
4.19000E+000,1.52471E-003
4.20000E+000,1.57596E-003
4.21000E+000,1.62284E-003
4.22000E+000,1.53409E-003
4.23000E+000,1.63909E-003
4.24000E+000,1.53846E-003
4.25000E+000,1.55909E-003
4.26000E+000,1.56846E-003
4.27000E+000,1.50721E-003
4.28000E+000,1.61784E-003
4.29000E+000,1.51909E-003
4.30000E+000,1.56659E-003
4.31000E+000,1.60659E-003
4.32000E+000,1.51471E-003
4.33000E+000,1.61409E-003
4.34000E+000,1.54346E-003
4.35000E+000,1.54096E-003
4.36000E+000,1.57346E-003
4.37000E+000,1.50846E-003
4.38000E+000,1.60846E-003
4.39000E+000,1.51408E-003
4.40000E+000,1.55971E-003
4.41000E+000,1.58284E-003
4.42000E+000,1.49784E-003
4.43000E+000,1.60346E-003
4.44000E+000,1.52034E-003
4.45000E+000,1.52658E-003
4.46000E+000,1.58471E-003
4.47000E+000,1.48534E-003
4.48000E+000,1.60096E-003
4.49000E+000,1.52346E-003
4.50000E+000,1.57096E-003
4.51000E+000,1.59784E-003
4.52000E+000,1.52658E-003
4.53000E+000,1.62721E-003
4.54000E+000,1.51721E-003
4.55000E+000,1.52346E-003
4.56000E+000,1.58034E-003
4.57000E+000,1.50471E-003
4.58000E+000,1.61596E-003
4.59000E+000,1.53221E-003
4.60000E+000,1.53596E-003
4.61000E+000,1.59471E-003
4.62000E+000,1.49721E-003
4.63000E+000,1.58284E-003
4.64000E+000,1.51096E-003
4.65000E+000,1.54659E-003
4.66000E+000,1.57596E-003
4.67000E+000,1.48659E-003
4.68000E+000,1.57534E-003
4.69000E+000,1.50596E-003
4.70000E+000,1.53033E-003
4.71000E+000,1.57034E-003
4.72000E+000,1.46221E-003
4.73000E+000,1.59784E-003
4.74000E+000,1.50971E-003
4.75000E+000,1.54346E-003
4.76000E+000,1.58346E-003
4.77000E+000,1.50409E-003
4.78000E+000,1.62534E-003
4.79000E+000,1.51846E-003
4.80000E+000,1.55221E-003
4.81000E+000,1.58284E-003
4.82000E+000,1.50409E-003
4.83000E+000,1.59534E-003
4.84000E+000,1.52346E-003
4.85000E+000,1.54346E-003
4.86000E+000,1.59846E-003
4.87000E+000,1.51534E-003
4.88000E+000,1.60221E-003
4.89000E+000,1.52096E-003
4.90000E+000,1.55034E-003
4.91000E+000,1.60346E-003
4.92000E+000,1.50846E-003
4.93000E+000,1.62971E-003
4.94000E+000,1.51721E-003
4.95000E+000,1.57159E-003
4.96000E+000,1.59784E-003
4.97000E+000,1.51221E-003
4.98000E+000,1.63159E-003
4.99000E+000,1.53096E-003
5.00000E+000,1.57721E-003
5.01000E+000,1.60159E-003
5.02000E+000,1.51534E-003
5.03000E+000,1.61034E-003
5.04000E+000,1.53908E-003
5.05000E+000,1.54346E-003
5.06000E+000,1.59909E-003
5.07000E+000,1.49096E-003
5.08000E+000,1.59409E-003
5.09000E+000,1.53596E-003
5.10000E+000,1.55284E-003
5.11000E+000,1.61284E-003
5.12000E+000,1.52158E-003
5.13000E+000,1.61034E-003
5.14000E+000,1.55159E-003
5.15000E+000,1.56721E-003
5.16000E+000,1.61596E-003
5.17000E+000,1.51909E-003
5.18000E+000,1.62659E-003
5.19000E+000,1.53846E-003
5.20000E+000,1.57909E-003
5.21000E+000,1.61784E-003
5.22000E+000,1.52284E-003
5.23000E+000,1.61409E-003
5.24000E+000,1.55221E-003
5.25000E+000,1.57346E-003
5.26000E+000,1.58971E-003
5.27000E+000,1.50346E-003
5.28000E+000,1.59971E-003
5.29000E+000,1.53721E-003
5.30000E+000,1.54409E-003
5.31000E+000,1.60909E-003
5.32000E+000,1.49971E-003
5.33000E+000,1.62784E-003
5.34000E+000,1.54783E-003
5.35000E+000,1.56596E-003
5.36000E+000,1.58034E-003
5.37000E+000,1.49096E-003
5.38000E+000,1.61534E-003
5.39000E+000,1.53908E-003
5.40000E+000,1.54909E-003
5.41000E+000,1.60971E-003
5.42000E+000,1.50721E-003
5.43000E+000,1.62159E-003
5.44000E+000,1.51471E-003
5.45000E+000,1.55909E-003
5.46000E+000,1.62034E-003
5.47000E+000,1.51909E-003
5.48000E+000,1.62784E-003
5.49000E+000,1.52971E-003
5.50000E+000,1.55409E-003
5.51000E+000,1.61721E-003
5.52000E+000,1.52658E-003
5.53000E+000,1.61659E-003
5.54000E+000,1.54659E-003
5.55000E+000,1.56221E-003
5.56000E+000,1.62159E-003
5.57000E+000,1.50596E-003
5.58000E+000,1.60221E-003
5.59000E+000,1.56471E-003
5.60000E+000,1.55596E-003
5.61000E+000,1.61596E-003
5.62000E+000,1.50533E-003
5.63000E+000,1.63034E-003
5.64000E+000,1.53471E-003
5.65000E+000,1.55471E-003
5.66000E+000,1.61159E-003
5.67000E+000,1.53159E-003
5.68000E+000,1.62596E-003
5.69000E+000,1.55659E-003
5.70000E+000,1.54971E-003
5.71000E+000,1.59346E-003
5.72000E+000,1.52658E-003
5.73000E+000,1.60596E-003
5.74000E+000,1.55409E-003
5.75000E+000,1.54721E-003
5.76000E+000,1.63784E-003
5.77000E+000,1.51471E-003
5.78000E+000,1.61034E-003
5.79000E+000,1.54034E-003
5.80000E+000,1.55846E-003
5.81000E+000,1.62221E-003
5.82000E+000,1.52471E-003
5.83000E+000,1.64159E-003
5.84000E+000,1.54596E-003
5.85000E+000,1.57221E-003
5.86000E+000,1.62784E-003
5.87000E+000,1.52158E-003
5.88000E+000,1.61221E-003
5.89000E+000,1.54346E-003
5.90000E+000,1.55846E-003
5.91000E+000,1.60659E-003
5.92000E+000,1.51783E-003
5.93000E+000,1.60346E-003
5.94000E+000,1.54721E-003
5.95000E+000,1.55971E-003
5.96000E+000,1.62096E-003
5.97000E+000,1.51596E-003
5.98000E+000,1.60346E-003
5.99000E+000,1.53721E-003
6.00000E+000,1.55721E-003
6.01000E+000,1.63346E-003
6.02000E+000,1.51471E-003
6.03000E+000,1.60971E-003
6.04000E+000,1.54471E-003
6.05000E+000,1.57096E-003
6.06000E+000,1.61971E-003
6.07000E+000,1.50659E-003
6.08000E+000,1.61846E-003
6.09000E+000,1.53596E-003
6.10000E+000,1.55721E-003
6.11000E+000,1.61971E-003
6.12000E+000,1.53096E-003
6.13000E+000,1.62409E-003
6.14000E+000,1.56346E-003
6.15000E+000,1.56909E-003
6.16000E+000,1.63221E-003
6.17000E+000,1.48534E-003
6.18000E+000,1.60784E-003
6.19000E+000,1.56721E-003
6.20000E+000,1.54846E-003
6.21000E+000,1.64034E-003
6.22000E+000,1.53659E-003
6.23000E+000,1.63784E-003
6.24000E+000,1.57346E-003
6.25000E+000,1.56159E-003
6.26000E+000,1.62971E-003
6.27000E+000,1.53346E-003
6.28000E+000,1.61659E-003
6.29000E+000,1.53908E-003
6.30000E+000,1.53721E-003
6.31000E+000,1.61534E-003
6.32000E+000,1.52658E-003
6.33000E+000,1.60596E-003
6.34000E+000,1.52721E-003
6.35000E+000,1.54846E-003
6.36000E+000,1.61784E-003
6.37000E+000,1.50784E-003
6.38000E+000,1.62471E-003
6.39000E+000,1.56096E-003
6.40000E+000,1.56221E-003
6.41000E+000,1.62471E-003
6.42000E+000,1.52346E-003
6.43000E+000,1.60221E-003
6.44000E+000,1.56409E-003
6.45000E+000,1.56034E-003
6.46000E+000,1.62784E-003
6.47000E+000,1.50409E-003
6.48000E+000,1.60471E-003
6.49000E+000,1.55721E-003
6.50000E+000,1.54471E-003
6.51000E+000,1.60659E-003
6.52000E+000,1.50159E-003
6.53000E+000,1.63034E-003
6.54000E+000,1.54159E-003
6.55000E+000,1.54909E-003
6.56000E+000,1.58284E-003
6.57000E+000,1.49971E-003
6.58000E+000,1.61346E-003
6.59000E+000,1.55346E-003
6.60000E+000,1.55534E-003
6.61000E+000,1.60659E-003
6.62000E+000,1.51596E-003
6.63000E+000,1.61346E-003
6.64000E+000,1.54221E-003
6.65000E+000,1.56409E-003
6.66000E+000,1.61659E-003
6.67000E+000,1.51034E-003
6.68000E+000,1.59221E-003
6.69000E+000,1.57784E-003
6.70000E+000,1.53596E-003
6.71000E+000,1.63346E-003
6.72000E+000,1.52034E-003
6.73000E+000,1.61534E-003
6.74000E+000,1.53534E-003
6.75000E+000,1.54659E-003
6.76000E+000,1.63034E-003
6.77000E+000,1.52971E-003
6.78000E+000,1.63159E-003
6.79000E+000,1.53908E-003
6.80000E+000,1.54909E-003
6.81000E+000,1.58721E-003
6.82000E+000,1.52534E-003
6.83000E+000,1.60284E-003
6.84000E+000,1.55096E-003
6.85000E+000,1.54159E-003
6.86000E+000,1.62034E-003
6.87000E+000,1.50409E-003
6.88000E+000,1.60159E-003
6.89000E+000,1.56784E-003
6.90000E+000,1.55159E-003
6.91000E+000,1.61284E-003
6.92000E+000,1.50346E-003
6.93000E+000,1.59909E-003
6.94000E+000,1.54783E-003
6.95000E+000,1.56284E-003
6.96000E+000,1.64596E-003
6.97000E+000,1.52471E-003
6.98000E+000,1.57784E-003
6.99000E+000,1.54284E-003
7.00000E+000,1.53971E-003
7.01000E+000,1.60846E-003
7.02000E+000,1.50784E-003
7.03000E+000,1.60846E-003
7.04000E+000,1.55784E-003
7.05000E+000,1.54471E-003
7.06000E+000,1.61284E-003
7.07000E+000,1.50846E-003
7.08000E+000,1.62284E-003
7.09000E+000,1.56409E-003
7.10000E+000,1.54721E-003
7.11000E+000,1.59596E-003
7.12000E+000,1.50971E-003
7.13000E+000,1.59659E-003
7.14000E+000,1.54909E-003
7.15000E+000,1.53284E-003
7.16000E+000,1.62721E-003
7.17000E+000,1.50596E-003
7.18000E+000,1.60284E-003
7.19000E+000,1.54034E-003
7.20000E+000,1.53846E-003
7.21000E+000,1.64534E-003
7.22000E+000,1.50846E-003
7.23000E+000,1.59596E-003
7.24000E+000,1.52409E-003
7.25000E+000,1.52784E-003
7.26000E+000,1.59659E-003
7.27000E+000,1.51346E-003
7.28000E+000,1.58659E-003
7.29000E+000,1.55721E-003
7.30000E+000,1.52846E-003
7.31000E+000,1.61034E-003
7.32000E+000,1.51034E-003
7.33000E+000,1.59846E-003
7.34000E+000,1.54659E-003
7.35000E+000,1.52721E-003
7.36000E+000,1.61471E-003
7.37000E+000,1.48159E-003
7.38000E+000,1.59346E-003
7.39000E+000,1.55346E-003
7.40000E+000,1.55471E-003
7.41000E+000,1.62034E-003
7.42000E+000,1.50533E-003
7.43000E+000,1.59596E-003
7.44000E+000,1.54096E-003
7.45000E+000,1.53159E-003
7.46000E+000,1.59221E-003
7.47000E+000,1.49409E-003
7.48000E+000,1.59221E-003
7.49000E+000,1.53721E-003
7.50000E+000,1.54721E-003
7.51000E+000,1.61596E-003
7.52000E+000,1.50221E-003
7.53000E+000,1.59034E-003
7.54000E+000,1.54346E-003
7.55000E+000,1.51721E-003
7.56000E+000,1.60471E-003
7.57000E+000,1.49909E-003
7.58000E+000,1.60096E-003
7.59000E+000,1.54096E-003
7.60000E+000,1.52534E-003
7.61000E+000,1.61346E-003
7.62000E+000,1.48283E-003
7.63000E+000,1.60221E-003
7.64000E+000,1.54346E-003
7.65000E+000,1.53784E-003
7.66000E+000,1.57659E-003
7.67000E+000,1.48471E-003
7.68000E+000,1.59096E-003
7.69000E+000,1.56221E-003
7.70000E+000,1.52158E-003
7.71000E+000,1.56534E-003
7.72000E+000,1.49034E-003
7.73000E+000,1.57909E-003
7.74000E+000,1.52346E-003
7.75000E+000,1.50971E-003
7.76000E+000,1.61659E-003
7.77000E+000,1.49158E-003
7.78000E+000,1.59096E-003
7.79000E+000,1.51034E-003
7.80000E+000,1.50784E-003
7.81000E+000,1.60721E-003
7.82000E+000,1.47721E-003
7.83000E+000,1.55784E-003
7.84000E+000,1.54284E-003
7.85000E+000,1.53409E-003
7.86000E+000,1.60409E-003
7.87000E+000,1.48846E-003
7.88000E+000,1.57346E-003
7.89000E+000,1.54221E-003
7.90000E+000,1.51408E-003
7.91000E+000,1.57909E-003
7.92000E+000,1.48346E-003
7.93000E+000,1.57596E-003
7.94000E+000,1.53471E-003
7.95000E+000,1.50659E-003
7.96000E+000,1.59409E-003
7.97000E+000,1.49909E-003
7.98000E+000,1.57346E-003
7.99000E+000,1.53721E-003
8.00000E+000,1.50159E-003
8.01000E+000,1.60159E-003
8.02000E+000,1.50846E-003
8.03000E+000,1.57846E-003
8.04000E+000,1.55534E-003
8.05000E+000,1.50221E-003
8.06000E+000,1.59534E-003
8.07000E+000,1.47721E-003
8.08000E+000,1.57346E-003
8.09000E+000,1.53221E-003
8.10000E+000,1.51596E-003
8.11000E+000,1.60909E-003
8.12000E+000,1.51159E-003
8.13000E+000,1.59409E-003
8.14000E+000,1.54221E-003
8.15000E+000,1.50533E-003
8.16000E+000,1.56909E-003
8.17000E+000,1.48971E-003
8.18000E+000,1.56096E-003
8.19000E+000,1.53471E-003
8.20000E+000,1.49784E-003
8.21000E+000,1.58971E-003
8.22000E+000,1.48408E-003
8.23000E+000,1.57596E-003
8.24000E+000,1.52096E-003
8.25000E+000,1.48283E-003
8.26000E+000,1.59596E-003
8.27000E+000,1.45971E-003
8.28000E+000,1.55846E-003
8.29000E+000,1.52596E-003
8.30000E+000,1.51034E-003
8.31000E+000,1.60909E-003
8.32000E+000,1.46846E-003
8.33000E+000,1.54971E-003
8.34000E+000,1.52034E-003
8.35000E+000,1.50471E-003
8.36000E+000,1.57596E-003
8.37000E+000,1.49221E-003
8.38000E+000,1.57284E-003
8.39000E+000,1.54409E-003
8.40000E+000,1.50971E-003
8.41000E+000,1.58721E-003
8.42000E+000,1.46658E-003
8.43000E+000,1.55346E-003
8.44000E+000,1.54409E-003
8.45000E+000,1.50596E-003
8.46000E+000,1.60284E-003
8.47000E+000,1.46158E-003
8.48000E+000,1.57596E-003
8.49000E+000,1.55909E-003
8.50000E+000,1.52221E-003
8.51000E+000,1.61221E-003
8.52000E+000,1.48471E-003
8.53000E+000,1.56659E-003
8.54000E+000,1.52846E-003
8.55000E+000,1.50284E-003
8.56000E+000,1.58909E-003
8.57000E+000,1.52471E-003
8.58000E+000,1.58409E-003
8.59000E+000,1.53033E-003
8.60000E+000,1.49283E-003
8.61000E+000,1.59909E-003
8.62000E+000,1.49034E-003
8.63000E+000,1.57159E-003
8.64000E+000,1.55346E-003
8.65000E+000,1.49721E-003
8.66000E+000,1.59284E-003
8.67000E+000,1.50846E-003
8.68000E+000,1.60721E-003
8.69000E+000,1.56284E-003
8.70000E+000,1.52409E-003
8.71000E+000,1.59971E-003
8.72000E+000,1.47471E-003
8.73000E+000,1.56346E-003
8.74000E+000,1.53409E-003
8.75000E+000,1.51596E-003
8.76000E+000,1.60096E-003
8.77000E+000,1.49034E-003
8.78000E+000,1.56721E-003
8.79000E+000,1.53284E-003
8.80000E+000,1.51034E-003
8.81000E+000,1.60034E-003
8.82000E+000,1.49221E-003
8.83000E+000,1.58284E-003
8.84000E+000,1.56909E-003
8.85000E+000,1.50908E-003
8.86000E+000,1.59971E-003
8.87000E+000,1.48534E-003
8.88000E+000,1.57596E-003
8.89000E+000,1.57909E-003
8.90000E+000,1.51909E-003
8.91000E+000,1.62159E-003
8.92000E+000,1.49158E-003
8.93000E+000,1.57659E-003
8.94000E+000,1.56721E-003
8.95000E+000,1.50971E-003
8.96000E+000,1.61096E-003
8.97000E+000,1.49784E-003
8.98000E+000,1.56409E-003
8.99000E+000,1.55659E-003
9.00000E+000,1.50721E-003
9.01000E+000,1.59909E-003
9.02000E+000,1.50346E-003
9.03000E+000,1.56346E-003
9.04000E+000,1.56659E-003
9.05000E+000,1.51408E-003
9.06000E+000,1.59846E-003
9.07000E+000,1.48033E-003
9.08000E+000,1.57909E-003
9.09000E+000,1.56596E-003
9.10000E+000,1.50659E-003
9.11000E+000,1.60659E-003
9.12000E+000,1.52221E-003
9.13000E+000,1.57221E-003
9.14000E+000,1.56409E-003
9.15000E+000,1.47721E-003
9.16000E+000,1.60846E-003
9.17000E+000,1.47596E-003
9.18000E+000,1.57846E-003
9.19000E+000,1.57409E-003
9.20000E+000,1.51034E-003
9.21000E+000,1.62034E-003
9.22000E+000,1.48471E-003
9.23000E+000,1.56471E-003
9.24000E+000,1.54659E-003
9.25000E+000,1.51471E-003
9.26000E+000,1.58659E-003
9.27000E+000,1.48033E-003
9.28000E+000,1.52909E-003
9.29000E+000,1.55784E-003
9.30000E+000,1.49846E-003
9.31000E+000,1.60596E-003
9.32000E+000,1.49909E-003
9.33000E+000,1.57159E-003
9.34000E+000,1.55346E-003
9.35000E+000,1.49409E-003
9.36000E+000,1.59909E-003
9.37000E+000,1.47533E-003
9.38000E+000,1.59221E-003
9.39000E+000,1.56909E-003
9.40000E+000,1.50971E-003
9.41000E+000,1.60534E-003
9.42000E+000,1.49409E-003
9.43000E+000,1.56159E-003
9.44000E+000,1.53346E-003
9.45000E+000,1.51159E-003
9.46000E+000,1.59659E-003
9.47000E+000,1.49721E-003
9.48000E+000,1.56659E-003
9.49000E+000,1.54221E-003
9.50000E+000,1.50533E-003
9.51000E+000,1.61096E-003
9.52000E+000,1.50346E-003
9.53000E+000,1.55409E-003
9.54000E+000,1.54034E-003
9.55000E+000,1.50596E-003
9.56000E+000,1.60784E-003
9.57000E+000,1.49846E-003
9.58000E+000,1.57159E-003
9.59000E+000,1.54596E-003
9.60000E+000,1.51096E-003
9.61000E+000,1.60284E-003
9.62000E+000,1.48159E-003
9.63000E+000,1.54721E-003
9.64000E+000,1.56409E-003
9.65000E+000,1.50971E-003
9.66000E+000,1.63346E-003
9.67000E+000,1.50471E-003
9.68000E+000,1.55596E-003
9.69000E+000,1.55159E-003
9.70000E+000,1.50346E-003
9.71000E+000,1.59784E-003
9.72000E+000,1.49846E-003
9.73000E+000,1.56034E-003
9.74000E+000,1.56846E-003
9.75000E+000,1.50033E-003
9.76000E+000,1.62159E-003
9.77000E+000,1.50784E-003
9.78000E+000,1.57596E-003
9.79000E+000,1.57346E-003
9.80000E+000,1.52846E-003
9.81000E+000,1.60971E-003
9.82000E+000,1.50659E-003
9.83000E+000,1.57971E-003
9.84000E+000,1.58846E-003
9.85000E+000,1.52658E-003
9.86000E+000,1.62596E-003
9.87000E+000,1.50971E-003
9.88000E+000,1.58159E-003
9.89000E+000,1.56721E-003
9.90000E+000,1.51471E-003
9.91000E+000,1.61596E-003
9.92000E+000,1.52534E-003
9.93000E+000,1.59846E-003
9.94000E+000,1.58659E-003
9.95000E+000,1.52784E-003
9.96000E+000,1.59346E-003
9.97000E+000,1.52846E-003
9.98000E+000,1.57846E-003
9.99000E+000,1.58409E-003
1.00000E+001,1.51471E-003
﻿