XLabel,Wavenumber
YLabel,Response
FileType,Single Beam
DisplayDirection,20300
PeakDirection,20312
0.000000,-0.000252
1.928517,-0.000182
3.857034,-0.000031
5.785551,0.000091
7.714068,0.000143
9.642586,0.000186
11.571103,0.000285
13.499620,0.000365
15.428137,0.000328
17.356654,0.000224
19.285171,0.000165
21.213688,0.000214
23.142205,0.000319
25.070722,0.000405
26.999239,0.000434
28.927757,0.000362
30.856274,0.000276
32.784791,0.000276
34.713308,0.000274
36.641825,0.000258
38.570342,0.000310
40.498859,0.000344
42.427376,0.000286
44.355893,0.000250
46.284410,0.000288
48.212928,0.000352
50.141445,0.000400
52.069962,0.000398
53.998479,0.000329
55.926996,0.000222
57.855513,0.000171
59.784030,0.000174
61.712547,0.000145
63.641064,0.000097
65.569582,0.000138
67.498099,0.000254
69.426616,0.000286
71.355133,0.000310
73.283650,0.000402
75.212167,0.000368
77.140684,0.000183
79.069201,0.000032
80.997718,-0.000000
82.926235,0.000069
84.854753,0.000187
86.783270,0.000229
88.711787,0.000105
90.640304,-0.000071
92.568821,-0.000132
94.497338,-0.000069
96.425855,-0.000022
98.354372,-0.000042
100.282889,-0.000035
102.211406,0.000011
104.139924,0.000029
106.068441,0.000005
107.996958,-0.000010
109.925475,-0.000019
111.853992,-0.000077
113.782509,-0.000158
115.711026,-0.000166
117.639543,-0.000013
119.568060,0.000162
121.496578,0.000160
123.425095,0.000103
125.353612,0.000125
127.282129,0.000152
129.210646,0.000166
131.139163,0.000156
133.067680,0.000086
134.996197,0.000045
136.924714,0.000077
138.853231,0.000096
140.781749,0.000077
142.710266,0.000043
144.638783,0.000046
146.567300,0.000116
148.495817,0.000133
150.424334,0.000063
152.352851,0.000030
154.281368,0.000043
156.209885,0.000066
158.138402,0.000046
160.066920,-0.000071
161.995437,-0.000182
163.923954,-0.000170
165.852471,-0.000066
167.780988,0.000089
169.709505,0.000222
171.638022,0.000207
173.566539,0.000054
175.495056,-0.000079
177.423573,-0.000076
179.352091,-0.000002
181.280608,0.000048
183.209125,0.000113
185.137642,0.000218
187.066159,0.000269
188.994676,0.000220
190.923193,0.000144
192.851710,0.000106
194.780227,0.000098
196.708745,0.000056
198.637262,-0.000004
200.565779,0.000043
202.494296,0.000143
204.422813,0.000153
206.351330,0.000088
208.279847,0.000040
210.208364,0.000059
212.136881,0.000043
214.065398,-0.000047
215.993916,-0.000082
217.922433,-0.000024
219.850950,0.000008
221.779467,-0.000049
223.707984,-0.000074
225.636501,0.000001
227.565018,0.000077
229.493535,0.000114
231.422052,0.000137
233.350569,0.000138
235.279087,0.000122
237.207604,0.000120
239.136121,0.000111
241.064638,0.000066
242.993155,0.000003
244.921672,-0.000052
246.850189,-0.000094
248.778706,-0.000098
250.707223,-0.000035
252.635741,0.000062
254.564258,0.000157
256.492775,0.000193
258.421292,0.000162
260.349809,0.000150
262.278326,0.000132
264.206843,0.000053
266.135360,0.000036
268.063877,0.000122
269.992394,0.000178
271.920912,0.000160
273.849429,0.000107
275.777946,0.000076
277.706463,0.000136
279.634980,0.000206
281.563497,0.000159
283.492014,0.000079
285.420531,0.000091
287.349048,0.000140
289.277565,0.000143
291.206083,0.000118
293.134600,0.000037
295.063117,-0.000117
296.991634,-0.000186
298.920151,-0.000104
300.848668,0.000016
302.777185,0.000140
304.705702,0.000237
306.634219,0.000236
308.562737,0.000154
310.491254,0.000064
312.419771,0.000004
314.348288,-0.000021
316.276805,-0.000001
318.205322,0.000016
320.133839,-0.000091
322.062356,-0.000258
323.990873,-0.000246
325.919390,-0.000046
327.847908,0.000112
329.776425,0.000151
331.704942,0.000166
333.633459,0.000219
335.561976,0.000280
337.490493,0.000266
339.419010,0.000142
341.347527,0.000002
343.276044,-0.000026
345.204561,0.000041
347.133079,0.000154
349.061596,0.000260
350.990113,0.000252
352.918630,0.000122
354.847147,-0.000064
356.775664,-0.000193
358.704181,-0.000223
360.632698,-0.000250
362.561215,-0.000227
364.489733,-0.000070
366.418250,0.000101
368.346767,0.000185
370.275284,0.000228
372.203801,0.000247
374.132318,0.000223
376.060835,0.000169
377.989352,0.000103
379.917869,0.000092
381.846386,0.000191
383.774904,0.000351
385.703421,0.000461
387.631938,0.000441
389.560455,0.000321
391.488972,0.000189
393.417489,0.000089
395.346006,-0.000036
397.274523,-0.000201
399.203040,-0.000285
401.131557,-0.000240
403.060075,-0.000111
404.988592,0.000057
406.917109,0.000210
408.845626,0.000328
410.774143,0.000380
412.702660,0.000316
414.631177,0.000207
416.559694,0.000165
418.488211,0.000140
420.416728,0.000081
422.345246,0.000037
424.273763,0.000032
426.202280,0.000083
428.130797,0.000150
430.059314,0.000198
431.987831,0.000264
433.916348,0.000259
435.844865,0.000109
437.773382,-0.000079
439.701900,-0.000186
441.630417,-0.000133
443.558934,0.000039
445.487451,0.000117
447.415968,0.000046
449.344485,0.000050
451.273002,0.000167
453.201519,0.000201
455.130036,0.000154
457.058553,0.000185
458.987071,0.000288
460.915588,0.000347
462.844105,0.000419
464.772622,0.000518
466.701139,0.000465
468.629656,0.000301
470.558173,0.000254
472.486690,0.000350
474.415207,0.000398
476.343724,0.000271
478.272242,0.000084
480.200759,0.000007
482.129276,0.000029
484.057793,0.000041
485.986310,0.000041
487.914827,0.000056
489.843344,0.000038
491.771861,-0.000000
493.700378,0.000019
495.628896,0.000042
497.557413,-0.000014
499.485930,-0.000034
501.414447,-0.000042
503.342964,-0.000182
505.271481,-0.000240
507.199998,-0.000063
509.128515,0.000141
511.057032,0.000233
512.985549,0.000189
514.914067,0.000031
516.842584,-0.000097
518.771101,-0.000087
520.699618,-0.000002
522.628135,0.000106
524.556652,0.000170
526.485169,0.000094
528.413686,-0.000042
530.342203,-0.000144
532.270720,-0.000176
534.199238,-0.000134
536.127755,-0.000090
538.056272,-0.000075
539.984789,-0.000033
541.913306,0.000045
543.841823,0.000087
545.770340,0.000132
547.698857,0.000217
549.627374,0.000203
551.555892,0.000089
553.484409,0.000078
555.412926,0.000204
557.341443,0.000304
559.269960,0.000299
561.198477,0.000226
563.126994,0.000155
565.055511,0.000093
566.984028,0.000052
568.912545,0.000080
570.841063,0.000086
572.769580,0.000044
574.698097,0.000063
576.626614,0.000081
578.555131,0.000021
580.483648,-0.000023
582.412165,-0.000023
584.340682,-0.000066
586.269199,-0.000118
588.197716,-0.000139
590.126234,-0.000117
592.054751,0.000048
593.983268,0.000240
595.911785,0.000252
597.840302,0.000145
599.768819,0.000046
601.697336,0.000003
603.625853,-0.000009
605.554370,-0.000071
607.482888,-0.000132
609.411405,-0.000103
611.339922,-0.000021
613.268439,0.000061
615.196956,0.000073
617.125473,-0.000032
619.053990,-0.000126
620.982507,-0.000059
622.911024,0.000085
624.839541,0.000143
626.768059,0.000103
628.696576,0.000042
630.625093,0.000037
632.553610,0.000090
634.482127,0.000070
636.410644,0.000016
638.339161,0.000070
640.267678,0.000152
642.196195,0.000194
644.124712,0.000211
646.053230,0.000167
647.981747,0.000079
649.910264,0.000031
651.838781,0.000051
653.767298,0.000050
655.695815,-0.000007
657.624332,-0.000043
659.552849,-0.000047
661.481366,-0.000032
663.409883,0.000035
665.338401,0.000100
667.266918,0.000100
669.195435,0.000076
671.123952,0.000082
673.052469,0.000174
674.980986,0.000295
676.909503,0.000280
678.838020,0.000222
680.766537,0.000269
682.695055,0.000267
684.623572,0.000085
686.552089,-0.000131
688.480606,-0.000116
690.409123,0.000110
692.337640,0.000259
694.266157,0.000256
696.194674,0.000222
698.123191,0.000187
700.051708,0.000110
701.980226,0.000041
703.908743,0.000091
705.837260,0.000204
707.765777,0.000212
709.694294,0.000147
711.622811,0.000160
713.551328,0.000204
715.479845,0.000215
717.408362,0.000209
719.336879,0.000175
721.265397,0.000149
723.193914,0.000094
725.122431,-0.000062
727.050948,-0.000170
728.979465,-0.000067
730.907982,0.000105
732.836499,0.000142
734.765016,0.000135
736.693533,0.000257
738.622051,0.000487
740.550568,0.000601
742.479085,0.000432
744.407602,0.000141
746.336119,-0.000045
748.264636,-0.000143
750.193153,-0.000242
752.121670,-0.000287
754.050187,-0.000192
755.978704,0.000004
757.907222,0.000200
759.835739,0.000291
761.764256,0.000241
763.692773,0.000115
765.621290,-0.000043
767.549807,-0.000173
769.478324,-0.000145
771.406841,0.000009
773.335358,0.000108
775.263875,0.000104
777.192393,0.000034
779.120910,-0.000009
781.049427,0.000058
782.977944,0.000100
784.906461,0.000061
786.834978,0.000038
788.763495,0.000044
790.692012,0.000097
792.620529,0.000129
794.549047,0.000035
796.477564,-0.000029
798.406081,0.000069
800.334598,0.000220
802.263115,0.000373
804.191632,0.000477
806.120149,0.000400
808.048666,0.000226
809.977183,0.000089
811.905700,-0.000037
813.834218,-0.000084
815.762735,0.000071
817.691252,0.000280
819.619769,0.000336
821.548286,0.000338
823.476803,0.000405
825.405320,0.000459
827.333837,0.000419
829.262354,0.000278
831.190871,0.000178
833.119389,0.000205
835.047906,0.000210
836.976423,0.000087
838.904940,-0.000111
840.833457,-0.000256
842.761974,-0.000232
844.690491,-0.000104
846.619008,-0.000029
848.547525,0.000034
850.476043,0.000072
852.404560,-0.000043
854.333077,-0.000208
856.261594,-0.000273
858.190111,-0.000208
860.118628,-0.000081
862.047145,0.000017
863.975662,0.000152
865.904179,0.000287
867.832696,0.000233
869.761214,0.000025
871.689731,-0.000154
873.618248,-0.000212
875.546765,-0.000124
877.475282,0.000045
879.403799,0.000124
881.332316,0.000116
883.260833,0.000119
885.189350,0.000102
887.117867,0.000066
889.046385,-0.000006
890.974902,-0.000169
892.903419,-0.000303
894.831936,-0.000252
896.760453,-0.000119
898.688970,-0.000095
900.617487,-0.000084
902.546004,0.000057
904.474521,0.000199
906.403039,0.000191
908.331556,0.000108
910.260073,0.000084
912.188590,0.000148
914.117107,0.000268
916.045624,0.000363
917.974141,0.000339
919.902658,0.000171
921.831175,-0.000002
923.759692,-0.000034
925.688210,0.000011
927.616727,0.000072
929.545244,0.000146
931.473761,0.000159
933.402278,0.000079
935.330795,-0.000023
937.259312,-0.000045
939.187829,0.000059
941.116346,0.000235
943.044863,0.000348
944.973381,0.000326
946.901898,0.000187
948.830415,0.000009
950.758932,0.000003
952.687449,0.000200
954.615966,0.000331
956.544483,0.000225
958.473000,0.000043
960.401517,0.000013
962.330034,0.000123
964.258552,0.000220
966.187069,0.000199
968.115586,0.000134
970.044103,0.000134
971.972620,0.000169
973.901137,0.000217
975.829654,0.000236
977.758171,0.000149
979.686688,-0.000019
981.615206,-0.000124
983.543723,-0.000077
985.472240,0.000005
987.400757,-0.000035
989.329274,-0.000164
991.257791,-0.000224
993.186308,-0.000177
995.114825,-0.000082
997.043342,0.000048
998.971859,0.000175
1000.900377,0.000230
1002.828894,0.000163
1004.757411,0.000018
1006.685928,-0.000029
1008.614445,0.000056
1010.542962,0.000153
1012.471479,0.000214
1014.399996,0.000215
1016.328513,0.000160
1018.257030,0.000156
1020.185548,0.000164
1022.114065,-0.000012
1024.042582,-0.000219
1025.971099,-0.000109
1027.899616,0.000232
1029.828133,0.000441
1031.756650,0.000365
1033.685167,0.000175
1035.613684,0.000074
1037.542202,0.000056
1039.470719,0.000031
1041.399236,0.000014
1043.327753,0.000017
1045.256270,0.000044
1047.184787,0.000143
1049.113304,0.000217
1051.041821,0.000168
1052.970338,0.000068
1054.898855,0.000049
1056.827373,0.000148
1058.755890,0.000184
1060.684407,0.000030
1062.612924,-0.000112
1064.541441,-0.000036
1066.469958,0.000086
1068.398475,0.000012
1070.326992,-0.000110
1072.255509,-0.000120
1074.184026,-0.000129
1076.112544,-0.000197
1078.041061,-0.000220
1079.969578,-0.000049
1081.898095,0.000274
1083.826612,0.000461
1085.755129,0.000414
1087.683646,0.000296
1089.612163,0.000172
1091.540680,0.000134
1093.469198,0.000262
1095.397715,0.000299
1097.326232,0.000156
1099.254749,0.000112
1101.183266,0.000187
1103.111783,0.000143
1105.040300,-0.000029
1106.968817,-0.000139
1108.897334,-0.000120
1110.825851,-0.000026
1112.754369,0.000054
1114.682886,0.000003
1116.611403,-0.000119
1118.539920,-0.000110
1120.468437,0.000077
1122.396954,0.000330
1124.325471,0.000474
1126.253988,0.000394
1128.182505,0.000166
1130.111022,-0.000057
1132.039540,-0.000146
1133.968057,-0.000093
1135.896574,-0.000037
1137.825091,0.000012
1139.753608,0.000110
1141.682125,0.000120
1143.610642,0.000021
1145.539159,0.000005
1147.467676,0.000096
1149.396194,0.000130
1151.324711,0.000056
1153.253228,-0.000052
1155.181745,-0.000150
1157.110262,-0.000177
1159.038779,-0.000074
1160.967296,0.000072
1162.895813,0.000152
1164.824330,0.000188
1166.752847,0.000298
1168.681365,0.000451
1170.609882,0.000416
1172.538399,0.000187
1174.466916,0.000059
1176.395433,0.000115
1178.323950,0.000212
1180.252467,0.000339
1182.180984,0.000463
1184.109501,0.000460
1186.038018,0.000329
1187.966536,0.000164
1189.895053,0.000059
1191.823570,0.000088
1193.752087,0.000156
1195.680604,0.000007
1197.609121,-0.000326
1199.537638,-0.000497
1201.466155,-0.000443
1203.394672,-0.000324
1205.323189,-0.000185
1207.251707,0.000007
1209.180224,0.000196
1211.108741,0.000269
1213.037258,0.000293
1214.965775,0.000321
1216.894292,0.000222
1218.822809,0.000098
1220.751326,0.000192
1222.679843,0.000333
1224.608361,0.000215
1226.536878,-0.000035
1228.465395,-0.000133
1230.393912,-0.000064
1232.322429,0.000032
1234.250946,0.000001
1236.179463,-0.000154
1238.107980,-0.000151
1240.036497,0.000127
1241.965014,0.000372
1243.893532,0.000411
1245.822049,0.000360
1247.750566,0.000245
1249.679083,0.000063
1251.607600,-0.000128
1253.536117,-0.000214
1255.464634,-0.000108
1257.393151,0.000024
1259.321668,-0.000011
1261.250185,-0.000126
1263.178703,-0.000141
1265.107220,-0.000125
1267.035737,-0.000247
1268.964254,-0.000402
1270.892771,-0.000358
1272.821288,-0.000079
1274.749805,0.000275
1276.678322,0.000434
1278.606839,0.000299
1280.535357,0.000166
1282.463874,0.000201
1284.392391,0.000260
1286.320908,0.000319
1288.249425,0.000350
1290.177942,0.000299
1292.106459,0.000308
1294.034976,0.000393
1295.963493,0.000396
1297.892010,0.000323
1299.820528,0.000243
1301.749045,0.000162
1303.677562,0.000104
1305.606079,0.000057
1307.534596,0.000002
1309.463113,-0.000007
1311.391630,0.000042
1313.320147,0.000056
1315.248664,0.000018
1317.177181,0.000033
1319.105699,0.000117
1321.034216,0.000201
1322.962733,0.000232
1324.891250,0.000160
1326.819767,0.000088
1328.748284,0.000078
1330.676801,0.000009
1332.605318,-0.000031
1334.533835,0.000062
1336.462353,0.000163
1338.390870,0.000183
1340.319387,0.000160
1342.247904,0.000117
1344.176421,0.000091
1346.104938,0.000201
1348.033455,0.000412
1349.961972,0.000442
1351.890489,0.000258
1353.819006,0.000140
1355.747524,0.000091
1357.676041,-0.000035
1359.604558,-0.000074
1361.533075,0.000067
1363.461592,0.000198
1365.390109,0.000235
1367.318626,0.000235
1369.247143,0.000207
1371.175660,0.000196
1373.104177,0.000272
1375.032695,0.000366
1376.961212,0.000325
1378.889729,0.000202
1380.818246,0.000129
1382.746763,0.000032
1384.675280,-0.000089
1386.603797,-0.000087
1388.532314,-0.000020
1390.460831,0.000079
1392.389349,0.000228
1394.317866,0.000261
1396.246383,0.000120
1398.174900,-0.000122
1400.103417,-0.000354
1402.031934,-0.000376
1403.960451,-0.000206
1405.888968,-0.000001
1407.817485,0.000214
1409.746002,0.000332
1411.674520,0.000285
1413.603037,0.000224
1415.531554,0.000221
1417.460071,0.000217
1419.388588,0.000260
1421.317105,0.000403
1423.245622,0.000495
1425.174139,0.000378
1427.102656,0.000134
1429.031173,-0.000063
1430.959691,-0.000177
1432.888208,-0.000226
1434.816725,-0.000189
1436.745242,-0.000074
1438.673759,0.000056
1440.602276,0.000098
1442.530793,0.000050
1444.459310,0.000004
1446.387827,0.000038
1448.316344,0.000245
1450.244862,0.000530
1452.173379,0.000649
1454.101896,0.000586
1456.030413,0.000493
1457.958930,0.000357
1459.887447,0.000092
1461.815964,-0.000143
1463.744481,-0.000136
1465.672998,-0.000016
1467.601516,0.000035
1469.530033,0.000088
1471.458550,0.000170
1473.387067,0.000200
1475.315584,0.000165
1477.244101,0.000108
1479.172618,0.000137
1481.101135,0.000261
1483.029652,0.000348
1484.958169,0.000429
1486.886687,0.000475
1488.815204,0.000329
1490.743721,0.000082
1492.672238,-0.000061
1494.600755,-0.000075
1496.529272,-0.000098
1498.457789,-0.000083
1500.386306,0.000118
1502.314823,0.000297
1504.243340,0.000265
1506.171858,0.000158
1508.100375,0.000104
1510.028892,0.000130
1511.957409,0.000225
1513.885926,0.000338
1515.814443,0.000393
1517.742960,0.000337
1519.671477,0.000268
1521.599994,0.000229
1523.528512,0.000140
1525.457029,0.000085
1527.385546,0.000117
1529.314063,0.000099
1531.242580,-0.000024
1533.171097,-0.000146
1535.099614,-0.000113
1537.028131,0.000052
1538.956648,0.000181
1540.885165,0.000222
1542.813683,0.000209
1544.742200,0.000199
1546.670717,0.000213
1548.599234,0.000194
1550.527751,0.000139
1552.456268,0.000074
1554.384785,-0.000028
1556.313302,-0.000116
1558.241819,-0.000119
1560.170336,-0.000127
1562.098854,-0.000156
1564.027371,-0.000165
1565.955888,-0.000182
1567.884405,-0.000129
1569.812922,0.000007
1571.741439,0.000086
1573.669956,0.000110
1575.598473,0.000125
1577.526990,0.000097
1579.455508,0.000081
1581.384025,0.000109
1583.312542,0.000070
1585.241059,-0.000049
1587.169576,-0.000132
1589.098093,-0.000158
1591.026610,-0.000108
1592.955127,0.000059
1594.883644,0.000220
1596.812161,0.000272
1598.740679,0.000287
1600.669196,0.000289
1602.597713,0.000300
1604.526230,0.000381
1606.454747,0.000387
1608.383264,0.000193
1610.311781,-0.000091
1612.240298,-0.000285
1614.168815,-0.000189
1616.097332,0.000108
1618.025850,0.000216
1619.954367,0.000066
1621.882884,-0.000100
1623.811401,-0.000110
1625.739918,0.000055
1627.668435,0.000265
1629.596952,0.000405
1631.525469,0.000486
1633.453986,0.000491
1635.382504,0.000415
1637.311021,0.000357
1639.239538,0.000259
1641.168055,0.000029
1643.096572,-0.000101
1645.025089,0.000000
1646.953606,0.000081
1648.882123,0.000064
1650.810640,0.000078
1652.739157,0.000066
1654.667675,0.000067
1656.596192,0.000177
1658.524709,0.000264
1660.453226,0.000276
1662.381743,0.000335
1664.310260,0.000461
1666.238777,0.000473
1668.167294,0.000241
1670.095811,-0.000017
1672.024328,-0.000039
1673.952846,0.000066
1675.881363,0.000139
1677.809880,0.000160
1679.738397,0.000131
1681.666914,0.000146
1683.595431,0.000189
1685.523948,0.000161
1687.452465,0.000132
1689.380982,0.000129
1691.309500,0.000145
1693.238017,0.000276
1695.166534,0.000450
1697.095051,0.000387
1699.023568,0.000096
1700.952085,-0.000075
1702.880602,-0.000025
1704.809119,0.000029
1706.737636,-0.000063
1708.666153,-0.000211
1710.594671,-0.000233
1712.523188,-0.000153
1714.451705,-0.000081
1716.380222,0.000019
1718.308739,0.000104
1720.237256,0.000023
1722.165773,-0.000058
1724.094290,0.000032
1726.022807,0.000082
1727.951324,0.000020
1729.879842,0.000029
1731.808359,0.000142
1733.736876,0.000251
1735.665393,0.000269
1737.593910,0.000170
1739.522427,0.000056
1741.450944,0.000118
1743.379461,0.000317
1745.307978,0.000409
1747.236495,0.000295
1749.165013,0.000084
1751.093530,-0.000040
1753.022047,-0.000043
1754.950564,0.000039
1756.879081,0.000163
1758.807598,0.000269
1760.736115,0.000380
1762.664632,0.000410
1764.593149,0.000286
1766.521667,0.000182
1768.450184,0.000220
1770.378701,0.000254
1772.307218,0.000182
1774.235735,0.000105
1776.164252,0.000036
1778.092769,-0.000064
1780.021286,-0.000077
1781.949803,0.000076
1783.878320,0.000272
1785.806838,0.000323
1787.735355,0.000207
1789.663872,0.000057
1791.592389,-0.000030
1793.520906,-0.000116
1795.449423,-0.000262
1797.377940,-0.000319
1799.306457,-0.000112
1801.234974,0.000258
1803.163491,0.000463
1805.092009,0.000375
1807.020526,0.000225
1808.949043,0.000185
1810.877560,0.000183
1812.806077,0.000147
1814.734594,0.000183
1816.663111,0.000295
1818.591628,0.000343
1820.520145,0.000336
1822.448663,0.000260
1824.377180,0.000092
1826.305697,-0.000019
1828.234214,0.000058
1830.162731,0.000257
1832.091248,0.000381
1834.019765,0.000376
1835.948282,0.000320
1837.876799,0.000174
1839.805316,-0.000028
1841.733834,-0.000077
1843.662351,0.000030
1845.590868,0.000140
1847.519385,0.000241
1849.447902,0.000250
1851.376419,0.000115
1853.304936,0.000014
1855.233453,0.000063
1857.161970,0.000177
1859.090487,0.000160
1861.019005,0.000038
1862.947522,0.000071
1864.876039,0.000202
1866.804556,0.000171
1868.733073,0.000022
1870.661590,-0.000015
1872.590107,0.000017
1874.518624,-0.000046
1876.447141,-0.000068
1878.375659,0.000040
1880.304176,0.000147
1882.232693,0.000255
1884.161210,0.000288
1886.089727,0.000106
1888.018244,-0.000041
1889.946761,0.000011
1891.875278,0.000054
1893.803795,0.000036
1895.732312,-0.000016
1897.660830,-0.000055
1899.589347,0.000109
1901.517864,0.000308
1903.446381,0.000187
1905.374898,-0.000102
1907.303415,-0.000244
1909.231932,-0.000184
1911.160449,-0.000023
1913.088966,0.000072
1915.017483,0.000099
1916.946001,0.000164
1918.874518,0.000187
1920.803035,0.000103
1922.731552,0.000026
1924.660069,0.000020
1926.588586,0.000011
1928.517103,-0.000041
1930.445620,0.000054
1932.374137,0.000339
1934.302655,0.000456
1936.231172,0.000283
1938.159689,0.000125
1940.088206,0.000204
1942.016723,0.000415
1943.945240,0.000509
1945.873757,0.000363
1947.802274,0.000076
1949.730791,-0.000124
1951.659308,-0.000114
1953.587826,-0.000012
1955.516343,0.000010
1957.444860,-0.000025
1959.373377,-0.000012
1961.301894,0.000070
1963.230411,0.000208
1965.158928,0.000305
1967.087445,0.000298
1969.015962,0.000204
1970.944479,0.000030
1972.872997,-0.000079
1974.801514,-0.000016
1976.730031,0.000073
1978.658548,0.000108
1980.587065,0.000101
1982.515582,-0.000055
1984.444099,-0.000298
1986.372616,-0.000336
1988.301133,-0.000126
1990.229650,0.000069
1992.158168,0.000082
1994.086685,-0.000024
1996.015202,-0.000113
1997.943719,-0.000075
1999.872236,0.000013
2001.800753,-0.000010
2003.729270,-0.000099
2005.657787,-0.000108
2007.586304,-0.000031
2009.514822,-0.000007
2011.443339,-0.000033
2013.371856,0.000010
2015.300373,0.000012
2017.228890,-0.000125
2019.157407,-0.000218
2021.085924,-0.000106
2023.014441,0.000085
2024.942958,0.000125
2026.871475,0.000017
2028.799993,-0.000092
2030.728510,-0.000031
2032.657027,0.000224
2034.585544,0.000386
2036.514061,0.000360
2038.442578,0.000285
2040.371095,0.000176
2042.299612,0.000101
2044.228129,0.000002
2046.156646,-0.000182
2048.085164,-0.000184
2050.013681,0.000048
2051.942198,0.000204
2053.870715,0.000178
2055.799232,0.000105
2057.727749,0.000012
2059.656266,-0.000073
2061.584783,-0.000039
2063.513300,0.000054
2065.441818,0.000037
2067.370335,0.000022
2069.298852,0.000205
2071.227369,0.000419
2073.155886,0.000474
2075.084403,0.000465
2077.012920,0.000456
2078.941437,0.000348
2080.869954,0.000148
2082.798471,0.000015
2084.726989,0.000000
2086.655506,-0.000009
2088.584023,-0.000026
2090.512540,0.000055
2092.441057,0.000206
2094.369574,0.000292
2096.298091,0.000200
2098.226608,0.000086
2100.155125,0.000270
2102.083642,0.000540
2104.012160,0.000596
2105.940677,0.000584
2107.869194,0.000511
2109.797711,0.000264
2111.726228,-0.000037
2113.654745,-0.000271
2115.583262,-0.000345
2117.511779,-0.000148
2119.440296,0.000215
2121.368814,0.000451
2123.297331,0.000411
2125.225848,0.000296
2127.154365,0.000338
2129.082882,0.000304
2131.011399,-0.000031
2132.939916,-0.000325
2134.868433,-0.000304
2136.796950,-0.000124
2138.725467,0.000039
2140.653985,0.000142
2142.582502,0.000151
2144.511019,0.000088
2146.439536,0.000044
2148.368053,-0.000027
2150.296570,-0.000110
2152.225087,-0.000081
2154.153604,-0.000038
2156.082121,-0.000040
2158.010638,-0.000021
2159.939156,-0.000018
2161.867673,-0.000051
2163.796190,-0.000117
2165.724707,-0.000190
2167.653224,-0.000175
2169.581741,-0.000042
2171.510258,0.000087
2173.438775,0.000096
2175.367292,0.000051
2177.295810,-0.000031
2179.224327,-0.000178
2181.152844,-0.000276
2183.081361,-0.000275
2185.009878,-0.000182
2186.938395,-0.000008
2188.866912,0.000145
2190.795429,0.000159
2192.723946,-0.000029
2194.652463,-0.000336
2196.580981,-0.000540
2198.509498,-0.000516
2200.438015,-0.000312
2202.366532,-0.000119
2204.295049,-0.000112
2206.223566,-0.000161
2208.152083,-0.000112
2210.080600,0.000003
2212.009117,0.000141
2213.937634,0.000245
2215.866152,0.000202
2217.794669,0.000043
2219.723186,-0.000051
2221.651703,-0.000056
2223.580220,-0.000079
2225.508737,-0.000122
2227.437254,-0.000118
2229.365771,0.000037
2231.294288,0.000349
2233.222806,0.000592
2235.151323,0.000565
2237.079840,0.000261
2239.008357,-0.000086
2240.936874,-0.000105
2242.865391,0.000213
2244.793908,0.000480
2246.722425,0.000478
2248.650942,0.000259
2250.579459,-0.000008
2252.507977,-0.000104
2254.436494,-0.000034
2256.365011,0.000086
2258.293528,0.000236
2260.222045,0.000323
2262.150562,0.000301
2264.079079,0.000329
2266.007596,0.000390
2267.936113,0.000361
2269.864630,0.000356
2271.793148,0.000349
2273.721665,0.000197
2275.650182,0.000025
2277.578699,-0.000046
2279.507216,-0.000015
2281.435733,0.000075
2283.364250,0.000118
2285.292767,0.000179
2287.221284,0.000356
2289.149801,0.000504
2291.078319,0.000499
2293.006836,0.000402
2294.935353,0.000316
2296.863870,0.000346
2298.792387,0.000475
2300.720904,0.000538
2302.649421,0.000546
2304.577938,0.000607
2306.506455,0.000585
2308.434973,0.000362
2310.363490,0.000140
2312.292007,0.000090
2314.220524,0.000113
2316.149041,0.000132
2318.077558,0.000165
2320.006075,0.000214
2321.934592,0.000270
2323.863109,0.000303
2325.791626,0.000360
2327.720144,0.000453
2329.648661,0.000408
2331.577178,0.000210
2333.505695,0.000090
2335.434212,0.000143
2337.362729,0.000277
2339.291246,0.000409
2341.219763,0.000520
2343.148280,0.000582
2345.076797,0.000518
2347.005315,0.000420
2348.933832,0.000390
2350.862349,0.000249
2352.790866,-0.000010
2354.719383,-0.000154
2356.647900,-0.000240
2358.576417,-0.000431
2360.504934,-0.000575
2362.433451,-0.000400
2364.361969,-0.000040
2366.290486,0.000132
2368.219003,0.000094
2370.147520,0.000100
2372.076037,0.000193
2374.004554,0.000163
2375.933071,-0.000006
2377.861588,-0.000081
2379.790105,-0.000055
2381.718622,-0.000127
2383.647140,-0.000200
2385.575657,-0.000102
2387.504174,-0.000003
2389.432691,0.000024
2391.361208,0.000113
2393.289725,0.000268
2395.218242,0.000397
2397.146759,0.000381
2399.075276,0.000228
2401.003793,0.000120
2402.932311,0.000081
2404.860828,-0.000009
2406.789345,0.000001
2408.717862,0.000206
2410.646379,0.000333
2412.574896,0.000317
2414.503413,0.000272
2416.431930,0.000189
2418.360447,0.000115
2420.288965,0.000147
2422.217482,0.000263
2424.145999,0.000349
2426.074516,0.000389
2428.003033,0.000340
2429.931550,0.000136
2431.860067,0.000013
2433.788584,0.000132
2435.717101,0.000293
2437.645618,0.000382
2439.574136,0.000342
2441.502653,0.000130
2443.431170,-0.000038
2445.359687,-0.000013
2447.288204,0.000058
2449.216721,0.000048
2451.145238,0.000045
2453.073755,0.000145
2455.002272,0.000242
2456.930789,0.000237
2458.859307,0.000122
2460.787824,-0.000113
2462.716341,-0.000263
2464.644858,-0.000132
2466.573375,0.000109
2468.501892,0.000264
2470.430409,0.000274
2472.358926,0.000175
2474.287443,0.000150
2476.215961,0.000240
2478.144478,0.000279
2480.072995,0.000183
2482.001512,0.000045
2483.930029,0.000016
2485.858546,0.000105
2487.787063,0.000237
2489.715580,0.000366
2491.644097,0.000407
2493.572614,0.000308
2495.501132,0.000173
2497.429649,0.000124
2499.358166,0.000085
2501.286683,-0.000124
2503.215200,-0.000379
2505.143717,-0.000402
2507.072234,-0.000317
2509.000751,-0.000334
2510.929268,-0.000274
2512.857785,-0.000052
2514.786303,0.000083
2516.714820,0.000005
2518.643337,-0.000135
2520.571854,-0.000156
2522.500371,-0.000043
2524.428888,0.000034
2526.357405,-0.000003
2528.285922,0.000009
2530.214439,0.000104
2532.142956,0.000109
2534.071474,-0.000013
2535.999991,-0.000164
2537.928508,-0.000277
2539.857025,-0.000387
2541.785542,-0.000475
2543.714059,-0.000397
2545.642576,-0.000219
2547.571093,-0.000122
2549.499610,-0.000099
2551.428128,-0.000084
2553.356645,-0.000027
2555.285162,0.000097
2557.213679,0.000193
2559.142196,0.000246
2561.070713,0.000343
2562.999230,0.000370
2564.927747,0.000249
2566.856264,0.000076
2568.784781,-0.000120
2570.713299,-0.000275
2572.641816,-0.000213
2574.570333,0.000104
2576.498850,0.000420
2578.427367,0.000479
2580.355884,0.000408
2582.284401,0.000389
2584.212918,0.000359
2586.141435,0.000310
2588.069952,0.000282
2589.998470,0.000234
2591.926987,0.000297
2593.855504,0.000495
2595.784021,0.000558
2597.712538,0.000400
2599.641055,0.000172
2601.569572,0.000052
2603.498089,0.000116
2605.426606,0.000197
2607.355124,0.000083
2609.283641,-0.000137
2611.212158,-0.000208
2613.140675,-0.000110
2615.069192,-0.000010
2616.997709,-0.000040
2618.926226,-0.000202
2620.854743,-0.000296
2622.783260,-0.000203
2624.711777,-0.000089
2626.640295,-0.000058
2628.568812,-0.000011
2630.497329,0.000128
2632.425846,0.000337
2634.354363,0.000491
2636.282880,0.000482
2638.211397,0.000357
2640.139914,0.000176
2642.068431,0.000001
2643.996948,-0.000107
2645.925466,-0.000220
2647.853983,-0.000290
2649.782500,-0.000208
2651.711017,-0.000062
2653.639534,0.000081
2655.568051,0.000205
2657.496568,0.000281
2659.425085,0.000348
2661.353602,0.000327
2663.282120,0.000152
2665.210637,-0.000003
2667.139154,0.000016
2669.067671,0.000115
2670.996188,0.000114
2672.924705,-0.000016
2674.853222,-0.000073
2676.781739,0.000054
2678.710256,0.000207
2680.638773,0.000236
2682.567291,0.000158
2684.495808,0.000189
2686.424325,0.000340
2688.352842,0.000353
2690.281359,0.000275
2692.209876,0.000276
2694.138393,0.000320
2696.066910,0.000413
2697.995427,0.000525
2699.923944,0.000437
2701.852462,0.000151
2703.780979,-0.000003
2705.709496,0.000087
2707.638013,0.000187
2709.566530,0.000161
2711.495047,0.000078
2713.423564,-0.000014
2715.352081,-0.000112
2717.280598,-0.000196
2719.209116,-0.000203
2721.137633,-0.000039
2723.066150,0.000213
2724.994667,0.000305
2726.923184,0.000162
2728.851701,-0.000001
2730.780218,0.000028
2732.708735,0.000126
2734.637252,0.000130
2736.565769,0.000189
2738.494287,0.000379
2740.422804,0.000403
2742.351321,0.000139
2744.279838,-0.000043
2746.208355,0.000081
2748.136872,0.000276
2750.065389,0.000335
2751.993906,0.000300
2753.922423,0.000179
2755.850940,0.000014
2757.779458,-0.000026
2759.707975,0.000039
2761.636492,0.000101
2763.565009,0.000142
2765.493526,0.000114
2767.422043,0.000033
2769.350560,0.000013
2771.279077,0.000049
2773.207594,-0.000012
2775.136111,-0.000176
2777.064629,-0.000205
2778.993146,0.000046
2780.921663,0.000373
2782.850180,0.000444
2784.778697,0.000265
2786.707214,0.000125
2788.635731,0.000120
2790.564248,0.000181
2792.492765,0.000252
2794.421283,0.000238
2796.349800,0.000120
2798.278317,0.000077
2800.206834,0.000252
2802.135351,0.000598
2804.063868,0.000825
2805.992385,0.000650
2807.920902,0.000251
2809.849419,0.000012
2811.777936,0.000009
2813.706454,0.000120
2815.634971,0.000229
2817.563488,0.000202
2819.492005,0.000003
2821.420522,-0.000077
2823.349039,0.000181
2825.277556,0.000412
2827.206073,0.000298
2829.134590,0.000110
2831.063107,0.000183
2832.991625,0.000425
2834.920142,0.000582
2836.848659,0.000610
2838.777176,0.000569
2840.705693,0.000480
2842.634210,0.000365
2844.562727,0.000276
2846.491244,0.000311
2848.419761,0.000476
2850.348279,0.000536
2852.276796,0.000317
2854.205313,0.000013
2856.133830,-0.000167
2858.062347,-0.000211
2859.990864,-0.000116
2861.919381,0.000015
2863.847898,0.000012
2865.776415,-0.000085
2867.704932,-0.000126
2869.633450,-0.000062
2871.561967,0.000038
2873.490484,0.000146
2875.419001,0.000332
2877.347518,0.000495
2879.276035,0.000369
2881.204552,-0.000034
2883.133069,-0.000377
2885.061586,-0.000394
2886.990103,-0.000067
2888.918621,0.000324
2890.847138,0.000459
2892.775655,0.000397
2894.704172,0.000311
2896.632689,0.000188
2898.561206,0.000044
2900.489723,-0.000017
2902.418240,0.000034
2904.346757,0.000070
2906.275275,0.000035
2908.203792,0.000108
2910.132309,0.000252
2912.060826,0.000199
2913.989343,0.000051
2915.917860,0.000015
2917.846377,0.000051
2919.774894,0.000126
2921.703411,0.000191
2923.631928,0.000106
2925.560446,-0.000057
2927.488963,-0.000066
2929.417480,0.000082
2931.345997,0.000188
2933.274514,0.000146
2935.203031,0.000032
2937.131548,-0.000029
2939.060065,-0.000018
2940.988582,0.000044
2942.917099,0.000155
2944.845617,0.000316
2946.774134,0.000484
2948.702651,0.000552
2950.631168,0.000443
2952.559685,0.000202
2954.488202,0.000005
2956.416719,0.000000
2958.345236,0.000109
2960.273753,0.000180
2962.202271,0.000119
2964.130788,-0.000131
2966.059305,-0.000340
2967.987822,-0.000296
2969.916339,-0.000244
2971.844856,-0.000323
2973.773373,-0.000324
2975.701890,-0.000196
2977.630407,-0.000009
2979.558924,0.000167
2981.487442,0.000214
2983.415959,0.000131
2985.344476,0.000021
2987.272993,-0.000017
2989.201510,0.000021
2991.130027,0.000051
2993.058544,0.000015
2994.987061,0.000025
2996.915578,0.000134
2998.844095,0.000099
3000.772613,-0.000039
3002.701130,0.000028
3004.629647,0.000176
3006.558164,0.000158
3008.486681,0.000068
3010.415198,0.000052
3012.343715,0.000136
3014.272232,0.000208
3016.200749,0.000116
3018.129267,-0.000022
3020.057784,-0.000051
3021.986301,-0.000025
3023.914818,0.000014
3025.843335,0.000015
3027.771852,-0.000012
3029.700369,0.000025
3031.628886,0.000021
3033.557403,-0.000081
3035.485920,-0.000118
3037.414438,-0.000030
3039.342955,0.000117
3041.271472,0.000325
3043.199989,0.000502
3045.128506,0.000447
3047.057023,0.000174
3048.985540,-0.000099
3050.914057,-0.000099
3052.842574,0.000256
3054.771091,0.000621
3056.699609,0.000662
3058.628126,0.000434
3060.556643,0.000171
3062.485160,0.000017
3064.413677,-0.000009
3066.342194,0.000002
3068.270711,-0.000048
3070.199228,-0.000030
3072.127745,0.000067
3074.056262,-0.000017
3075.984780,-0.000253
3077.913297,-0.000341
3079.841814,-0.000170
3081.770331,0.000120
3083.698848,0.000237
3085.627365,0.000064
3087.555882,-0.000074
3089.484399,0.000027
3091.412916,0.000193
3093.341434,0.000370
3095.269951,0.000560
3097.198468,0.000623
3099.126985,0.000556
3101.055502,0.000479
3102.984019,0.000390
3104.912536,0.000236
3106.841053,0.000160
3108.769570,0.000277
3110.698087,0.000325
3112.626605,0.000150
3114.555122,-0.000021
3116.483639,-0.000098
3118.412156,-0.000197
3120.340673,-0.000236
3122.269190,-0.000069
3124.197707,0.000123
3126.126224,0.000205
3128.054741,0.000312
3129.983258,0.000372
3131.911776,0.000260
3133.840293,0.000092
3135.768810,-0.000032
3137.697327,-0.000117
3139.625844,-0.000143
3141.554361,-0.000129
3143.482878,-0.000087
3145.411395,-0.000021
3147.339912,-0.000049
3149.268430,-0.000123
3151.196947,-0.000049
3153.125464,0.000134
3155.053981,0.000245
3156.982498,0.000236
3158.911015,0.000120
3160.839532,-0.000059
3162.768049,-0.000217
3164.696566,-0.000265
3166.625083,-0.000149
3168.553601,-0.000005
3170.482118,0.000012
3172.410635,0.000015
3174.339152,0.000079
3176.267669,0.000012
3178.196186,-0.000263
3180.124703,-0.000540
3182.053220,-0.000626
3183.981737,-0.000497
3185.910254,-0.000243
3187.838772,0.000014
3189.767289,0.000137
3191.695806,0.000086
3193.624323,0.000005
3195.552840,0.000001
3197.481357,0.000019
3199.409874,0.000018
3201.338391,-0.000100
3203.266908,-0.000311
3205.195426,-0.000317
3207.123943,-0.000092
3209.052460,0.000046
3210.980977,-0.000003
3212.909494,-0.000098
3214.838011,-0.000117
3216.766528,-0.000044
3218.695045,0.000028
3220.623562,0.000128
3222.552079,0.000246
3224.480597,0.000189
3226.409114,0.000013
3228.337631,-0.000105
3230.266148,-0.000153
3232.194665,-0.000144
3234.123182,-0.000075
3236.051699,0.000044
3237.980216,0.000134
3239.908733,0.000128
3241.837250,0.000056
3243.765768,-0.000016
3245.694285,-0.000023
3247.622802,0.000045
3249.551319,0.000121
3251.479836,0.000205
3253.408353,0.000335
3255.336870,0.000387
3257.265387,0.000340
3259.193904,0.000367
3261.122422,0.000423
3263.050939,0.000400
3264.979456,0.000320
3266.907973,0.000225
3268.836490,0.000140
3270.765007,-0.000001
3272.693524,-0.000175
3274.622041,-0.000195
3276.550558,-0.000088
3278.479075,-0.000025
3280.407593,0.000031
3282.336110,0.000162
3284.264627,0.000227
3286.193144,0.000123
3288.121661,0.000026
3290.050178,0.000033
3291.978695,0.000013
3293.907212,-0.000051
3295.835729,-0.000062
3297.764246,0.000017
3299.692764,0.000165
3301.621281,0.000269
3303.549798,0.000243
3305.478315,0.000196
3307.406832,0.000201
3309.335349,0.000121
3311.263866,-0.000118
3313.192383,-0.000256
3315.120900,-0.000082
3317.049417,0.000172
3318.977935,0.000259
3320.906452,0.000188
3322.834969,0.000075
3324.763486,0.000074
3326.692003,0.000159
3328.620520,0.000233
3330.549037,0.000290
3332.477554,0.000323
3334.406071,0.000320
3336.334589,0.000197
3338.263106,-0.000017
3340.191623,-0.000101
3342.120140,0.000000
3344.048657,0.000194
3345.977174,0.000369
3347.905691,0.000333
3349.834208,0.000117
3351.762725,0.000021
3353.691242,0.000133
3355.619760,0.000289
3357.548277,0.000311
3359.476794,0.000144
3361.405311,-0.000048
3363.333828,-0.000063
3365.262345,0.000017
3367.190862,-0.000028
3369.119379,-0.000079
3371.047896,0.000089
3372.976413,0.000271
3374.904931,0.000207
3376.833448,0.000084
3378.761965,0.000146
3380.690482,0.000289
3382.618999,0.000330
3384.547516,0.000233
3386.476033,0.000110
3388.404550,0.000079
3390.333067,0.000108
3392.261585,0.000101
3394.190102,-0.000022
3396.118619,-0.000146
3398.047136,-0.000016
3399.975653,0.000283
3401.904170,0.000459
3403.832687,0.000467
3405.761204,0.000337
3407.689721,0.000097
3409.618238,-0.000089
3411.546756,-0.000122
3413.475273,-0.000104
3415.403790,-0.000125
3417.332307,-0.000134
3419.260824,-0.000052
3421.189341,0.000078
3423.117858,0.000141
3425.046375,0.000161
3426.974892,0.000259
3428.903409,0.000385
3430.831927,0.000334
3432.760444,0.000122
3434.688961,-0.000063
3436.617478,-0.000173
3438.545995,-0.000215
3440.474512,-0.000180
3442.403029,-0.000085
3444.331546,0.000028
3446.260063,0.000148
3448.188581,0.000235
3450.117098,0.000186
3452.045615,0.000039
3453.974132,-0.000040
3455.902649,-0.000035
3457.831166,-0.000052
3459.759683,-0.000038
3461.688200,0.000013
3463.616717,0.000029
3465.545234,0.000118
3467.473752,0.000261
3469.402269,0.000250
3471.330786,0.000018
3473.259303,-0.000294
3475.187820,-0.000418
3477.116337,-0.000306
3479.044854,-0.000204
3480.973371,-0.000187
3482.901888,-0.000084
3484.830405,0.000115
3486.758923,0.000184
3488.687440,-0.000015
3490.615957,-0.000281
3492.544474,-0.000305
3494.472991,-0.000115
3496.401508,0.000081
3498.330025,0.000266
3500.258542,0.000419
3502.187059,0.000430
3504.115577,0.000326
3506.044094,0.000236
3507.972611,0.000222
3509.901128,0.000230
3511.829645,0.000210
3513.758162,0.000197
3515.686679,0.000265
3517.615196,0.000408
3519.543713,0.000463
3521.472230,0.000304
3523.400748,0.000016
3525.329265,-0.000181
3527.257782,-0.000145
3529.186299,0.000134
3531.114816,0.000462
3533.043333,0.000536
3534.971850,0.000357
3536.900367,0.000169
3538.828884,0.000137
3540.757401,0.000187
3542.685919,0.000134
3544.614436,0.000097
3546.542953,0.000202
3548.471470,0.000214
3550.399987,0.000078
3552.328504,-0.000027
3554.257021,-0.000093
3556.185538,-0.000119
3558.114055,-0.000081
3560.042572,-0.000034
3561.971090,0.000044
3563.899607,0.000183
3565.828124,0.000329
3567.756641,0.000337
3569.685158,0.000145
3571.613675,-0.000010
3573.542192,0.000033
3575.470709,0.000085
3577.399226,-0.000005
3579.327744,-0.000127
3581.256261,-0.000206
3583.184778,-0.000305
3585.113295,-0.000331
3587.041812,-0.000116
3588.970329,0.000199
3590.898846,0.000327
3592.827363,0.000294
3594.755880,0.000315
3596.684397,0.000337
3598.612915,0.000238
3600.541432,0.000091
3602.469949,-0.000042
3604.398466,-0.000081
3606.326983,0.000049
3608.255500,0.000243
3610.184017,0.000311
3612.112534,0.000227
3614.041051,0.000127
3615.969568,0.000077
3617.898086,0.000071
3619.826603,0.000077
3621.755120,0.000070
3623.683637,0.000019
3625.612154,-0.000136
3627.540671,-0.000240
3629.469188,-0.000136
3631.397705,-0.000027
3633.326222,-0.000128
3635.254740,-0.000289
3637.183257,-0.000279
3639.111774,-0.000178
3641.040291,-0.000089
3642.968808,-0.000007
3644.897325,-0.000010
3646.825842,-0.000125
3648.754359,-0.000271
3650.682876,-0.000284
3652.611393,-0.000108
3654.539911,0.000037
3656.468428,0.000014
3658.396945,-0.000041
3660.325462,-0.000044
3662.253979,-0.000007
3664.182496,0.000069
3666.111013,0.000148
3668.039530,0.000212
3669.968047,0.000241
3671.896564,0.000261
3673.825082,0.000304
3675.753599,0.000329
3677.682116,0.000288
3679.610633,0.000098
3681.539150,-0.000138
3683.467667,-0.000157
3685.396184,0.000038
3687.324701,0.000226
3689.253218,0.000252
3691.181736,0.000173
3693.110253,0.000155
3695.038770,0.000153
3696.967287,0.000055
3698.895804,-0.000037
3700.824321,-0.000008
3702.752838,0.000130
3704.681355,0.000322
3706.609872,0.000439
3708.538389,0.000321
3710.466907,0.000054
3712.395424,-0.000117
3714.323941,-0.000098
3716.252458,0.000006
3718.180975,0.000092
3720.109492,0.000136
3722.038009,0.000151
3723.966526,0.000144
3725.895043,0.000090
3727.823560,0.000043
3729.752078,0.000081
3731.680595,0.000202
3733.609112,0.000307
3735.537629,0.000266
3737.466146,0.000116
3739.394663,0.000025
3741.323180,0.000094
3743.251697,0.000161
3745.180214,0.000081
3747.108732,0.000020
3749.037249,-0.000006
3750.965766,-0.000142
3752.894283,-0.000310
3754.822800,-0.000408
3756.751317,-0.000416
3758.679834,-0.000369
3760.608351,-0.000266
3762.536868,-0.000069
3764.465385,0.000107
3766.393903,0.000227
3768.322420,0.000303
3770.250937,0.000158
3772.179454,-0.000103
3774.107971,-0.000119
3776.036488,0.000054
3777.965005,0.000116
3779.893522,0.000036
3781.822039,-0.000120
3783.750556,-0.000228
3785.679074,-0.000136
3787.607591,0.000073
3789.536108,0.000190
3791.464625,0.000150
3793.393142,0.000070
3795.321659,0.000011
3797.250176,-0.000056
3799.178693,-0.000092
3801.107210,-0.000049
3803.035728,0.000090
3804.964245,0.000182
3806.892762,0.000004
3808.821279,-0.000282
3810.749796,-0.000290
3812.678313,-0.000189
3814.606830,-0.000359
3816.535347,-0.000521
3818.463864,-0.000303
3820.392381,0.000037
3822.320899,0.000145
3824.249416,0.000133
3826.177933,0.000172
3828.106450,0.000081
3830.034967,-0.000137
3831.963484,-0.000221
3833.892001,-0.000170
3835.820518,-0.000045
3837.749035,0.000145
3839.677552,0.000272
3841.606070,0.000288
3843.534587,0.000233
3845.463104,0.000136
3847.391621,0.000101
3849.320138,0.000100
3851.248655,0.000116
3853.177172,0.000339
3855.105689,0.000591
3857.034206,0.000510
3858.962723,0.000214
3860.891241,0.000087
3862.819758,0.000238
3864.748275,0.000383
3866.676792,0.000303
3868.605309,0.000192
3870.533826,0.000221
3872.462343,0.000203
3874.390860,0.000065
3876.319377,-0.000015
3878.247895,0.000050
3880.176412,0.000239
3882.104929,0.000360
3884.033446,0.000251
3885.961963,0.000079
3887.890480,0.000066
3889.818997,0.000156
3891.747514,0.000250
3893.676031,0.000343
3895.604548,0.000355
3897.533066,0.000347
3899.461583,0.000397
3901.390100,0.000332
3903.318617,0.000181
3905.247134,0.000187
3907.175651,0.000323
3909.104168,0.000382
3911.032685,0.000299
3912.961202,0.000153
3914.889719,0.000026
3916.818237,-0.000099
3918.746754,-0.000250
3920.675271,-0.000221
3922.603788,-0.000007
3924.532305,0.000070
3926.460822,0.000061
3928.389339,0.000042
3930.317856,-0.000108
3932.246373,-0.000260
3934.174891,-0.000318
3936.103408,-0.000300
3938.031925,-0.000114
3939.960442,0.000136
3941.888959,0.000175
3943.817476,0.000068
3945.745993,0.000035
3947.674510,0.000085
3949.603027,0.000206
3951.531544,0.000371
3953.460062,0.000371
3955.388579,0.000123
3957.317096,-0.000115
3959.245613,-0.000095
3961.174130,0.000099
3963.102647,0.000178
3965.031164,0.000079
3966.959681,0.000027
3968.888198,0.000095
3970.816715,0.000195
3972.745233,0.000256
3974.673750,0.000181
3976.602267,-0.000005
3978.530784,-0.000104
3980.459301,-0.000061
3982.387818,-0.000018
3984.316335,-0.000130
3986.244852,-0.000400
3988.173369,-0.000560
3990.101887,-0.000469
3992.030404,-0.000344
3993.958921,-0.000240
3995.887438,-0.000088
3997.815955,-0.000049
3999.744472,-0.000176
4001.672989,-0.000324
4003.601506,-0.000365
4005.530023,-0.000235
4007.458540,-0.000035
4009.387058,0.000167
4011.315575,0.000432
4013.244092,0.000702
4015.172609,0.000766
4017.101126,0.000622
4019.029643,0.000536
4020.958160,0.000496
4022.886677,0.000298
4024.815194,-0.000007
4026.743711,-0.000224
4028.672229,-0.000181
4030.600746,0.000105
4032.529263,0.000341
4034.457780,0.000349
4036.386297,0.000276
4038.314814,0.000183
4040.243331,0.000110
4042.171848,0.000244
4044.100365,0.000489
4046.028883,0.000576
4047.957400,0.000484
4049.885917,0.000444
4051.814434,0.000488
4053.742951,0.000442
4055.671468,0.000367
4057.599985,0.000323
4059.528502,0.000301
4061.457019,0.000274
4063.385536,0.000211
4065.314054,0.000247
4067.242571,0.000332
4069.171088,0.000230
4071.099605,0.000008
4073.028122,-0.000114
4074.956639,-0.000049
4076.885156,0.000104
4078.813673,0.000149
4080.742190,0.000022
4082.670707,-0.000136
4084.599225,-0.000210
4086.527742,-0.000261
4088.456259,-0.000397
4090.384776,-0.000574
4092.313293,-0.000685
4094.241810,-0.000742
4096.170327,-0.000708
4098.098844,-0.000568
4100.027361,-0.000432
4101.955878,-0.000283
4103.884396,-0.000062
4105.812913,0.000115
4107.741430,0.000097
4109.669947,-0.000043
4111.598464,-0.000086
4113.526981,-0.000077
4115.455498,-0.000174
4117.384015,-0.000243
4119.312532,-0.000190
4121.241050,-0.000184
4123.169567,-0.000208
4125.098084,-0.000130
4127.026601,-0.000068
4128.955118,-0.000138
4130.883635,-0.000263
4132.812152,-0.000321
4134.740669,-0.000318
4136.669186,-0.000350
4138.597703,-0.000419
4140.526221,-0.000345
4142.454738,0.000006
4144.383255,0.000399
4146.311772,0.000455
4148.240289,0.000257
4150.168806,0.000171
4152.097323,0.000247
4154.025840,0.000350
4155.954357,0.000380
4157.882874,0.000329
4159.811392,0.000293
4161.739909,0.000292
4163.668426,0.000350
4165.596943,0.000463
4167.525460,0.000494
4169.453977,0.000397
4171.382494,0.000302
4173.311011,0.000245
4175.239528,0.000123
4177.168046,0.000015
4179.096563,0.000087
4181.025080,0.000292
4182.953597,0.000472
4184.882114,0.000538
4186.810631,0.000503
4188.739148,0.000462
4190.667665,0.000506
4192.596182,0.000626
4194.524699,0.000686
4196.453217,0.000492
4198.381734,0.000068
4200.310251,-0.000174
4202.238768,-0.000013
4204.167285,0.000184
4206.095802,0.000197
4208.024319,0.000227
4209.952836,0.000273
4211.881353,0.000159
4213.809870,-0.000005
4215.738388,-0.000037
4217.666905,-0.000027
4219.595422,0.000032
4221.523939,0.000192
4223.452456,0.000203
4225.380973,0.000043
4227.309490,-0.000002
4229.238007,0.000104
4231.166524,0.000130
4233.095042,-0.000016
4235.023559,-0.000114
4236.952076,0.000037
4238.880593,0.000246
4240.809110,0.000214
4242.737627,0.000037
4244.666144,-0.000113
4246.594661,-0.000283
4248.523178,-0.000381
4250.451695,-0.000346
4252.380213,-0.000354
4254.308730,-0.000391
4256.237247,-0.000328
4258.165764,-0.000301
4260.094281,-0.000333
4262.022798,-0.000235
4263.951315,-0.000086
4265.879832,-0.000098
4267.808349,-0.000248
4269.736866,-0.000306
4271.665384,-0.000266
4273.593901,-0.000283
4275.522418,-0.000290
4277.450935,-0.000312
4279.379452,-0.000524
4281.307969,-0.000728
4283.236486,-0.000631
4285.165003,-0.000425
4287.093520,-0.000331
4289.022038,-0.000208
4290.950555,-0.000221
4292.879072,-0.000599
4294.807589,-0.000868
4296.736106,-0.000616
4298.664623,-0.000205
4300.593140,-0.000093
4302.521657,-0.000129
4304.450174,-0.000095
4306.378691,-0.000259
4308.307209,-0.000699
4310.235726,-0.001049
4312.164243,-0.001202
4314.092760,-0.001066
4316.021277,-0.000405
4317.949794,0.000215
4319.878311,0.000136
4321.806828,-0.000092
4323.735345,0.000047
4325.663862,0.000044
4327.592380,-0.000253
4329.520897,-0.000316
4331.449414,-0.000093
4333.377931,0.000191
4335.306448,0.000407
4337.234965,0.000324
4339.163482,0.000052
4341.091999,-0.000162
4343.020516,-0.000356
4344.949033,-0.000391
4346.877551,-0.000177
4348.806068,-0.000018
4350.734585,-0.000088
4352.663102,-0.000243
4354.591619,-0.000340
4356.520136,-0.000353
4358.448653,-0.000316
4360.377170,-0.000179
4362.305687,-0.000059
4364.234205,-0.000212
4366.162722,-0.000399
4368.091239,-0.000277
4370.019756,-0.000031
4371.948273,0.000073
4373.876790,0.000093
4375.805307,0.000175
4377.733824,0.000280
4379.662341,0.000256
4381.590858,0.000160
4383.519376,0.000223
4385.447893,0.000468
4387.376410,0.000690
4389.304927,0.000732
4391.233444,0.000570
4393.161961,0.000375
4395.090478,0.000281
4397.018995,0.000354
4398.947512,0.000465
4400.876029,0.000446
4402.804547,0.000311
4404.733064,0.000135
4406.661581,0.000032
4408.590098,0.000031
4410.518615,0.000040
4412.447132,0.000013
4414.375649,-0.000010
4416.304166,0.000077
4418.232683,0.000304
4420.161201,0.000463
4422.089718,0.000367
4424.018235,0.000189
4425.946752,0.000141
4427.875269,0.000094
4429.803786,-0.000026
4431.732303,-0.000045
4433.660820,-0.000028
4435.589337,-0.000052
4437.517854,0.000124
4439.446372,0.000391
4441.374889,0.000364
4443.303406,0.000075
4445.231923,-0.000209
4447.160440,-0.000349
4449.088957,-0.000414
4451.017474,-0.000526
4452.945991,-0.000525
4454.874508,-0.000360
4456.803025,-0.000315
4458.731543,-0.000381
4460.660060,-0.000402
4462.588577,-0.000466
4464.517094,-0.000443
4466.445611,-0.000159
4468.374128,0.000142
4470.302645,0.000227
4472.231162,0.000123
4474.159679,-0.000100
4476.088197,-0.000331
4478.016714,-0.000372
4479.945231,-0.000188
4481.873748,0.000005
4483.802265,0.000077
4485.730782,0.000129
4487.659299,0.000168
4489.587816,0.000008
4491.516333,-0.000157
4493.444850,-0.000041
4495.373368,0.000020
4497.301885,-0.000166
4499.230402,-0.000251
4501.158919,-0.000150
4503.087436,-0.000053
4505.015953,0.000071
4506.944470,0.000290
4508.872987,0.000450
4510.801504,0.000450
4512.730021,0.000413
4514.658539,0.000449
4516.587056,0.000415
4518.515573,0.000199
4520.444090,-0.000016
4522.372607,-0.000066
4524.301124,0.000068
4526.229641,0.000289
4528.158158,0.000342
4530.086675,0.000136
4532.015193,-0.000114
4533.943710,-0.000208
4535.872227,-0.000165
4537.800744,-0.000065
4539.729261,0.000070
4541.657778,0.000220
4543.586295,0.000347
4545.514812,0.000418
4547.443329,0.000337
4549.371846,0.000087
4551.300364,-0.000041
4553.228881,0.000144
4555.157398,0.000428
4557.085915,0.000488
4559.014432,0.000291
4560.942949,0.000201
4562.871466,0.000341
4564.799983,0.000407
4566.728500,0.000281
4568.657017,0.000150
4570.585535,0.000144
4572.514052,0.000191
4574.442569,0.000273
4576.371086,0.000327
4578.299603,0.000135
4580.228120,-0.000156
4582.156637,-0.000263
4584.085154,-0.000268
4586.013671,-0.000263
4587.942189,-0.000208
4589.870706,-0.000130
4591.799223,-0.000056
4593.727740,-0.000056
4595.656257,-0.000190
4597.584774,-0.000296
4599.513291,-0.000149
4601.441808,0.000132
4603.370325,0.000132
4605.298842,-0.000205
4607.227360,-0.000437
4609.155877,-0.000376
4611.084394,-0.000227
4613.012911,-0.000087
4614.941428,0.000090
4616.869945,0.000148
4618.798462,-0.000064
4620.726979,-0.000221
4622.655496,-0.000126
4624.584013,-0.000089
4626.512531,-0.000209
4628.441048,-0.000304
4630.369565,-0.000264
4632.298082,-0.000101
4634.226599,0.000061
4636.155116,0.000178
4638.083633,0.000319
4640.012150,0.000411
4641.940667,0.000379
4643.869184,0.000383
4645.797702,0.000468
4647.726219,0.000459
4649.654736,0.000304
4651.583253,0.000033
4653.511770,-0.000203
4655.440287,-0.000211
4657.368804,-0.000125
4659.297321,-0.000198
4661.225838,-0.000260
4663.154356,-0.000033
4665.082873,0.000270
4667.011390,0.000387
4668.939907,0.000486
4670.868424,0.000632
4672.796941,0.000637
4674.725458,0.000513
4676.653975,0.000427
4678.582492,0.000465
4680.511009,0.000505
4682.439527,0.000402
4684.368044,0.000270
4686.296561,0.000267
4688.225078,0.000327
4690.153595,0.000323
4692.082112,0.000283
4694.010629,0.000292
4695.939146,0.000260
4697.867663,0.000131
4699.796180,0.000044
4701.724698,0.000112
4703.653215,0.000306
4705.581732,0.000438
4707.510249,0.000399
4709.438766,0.000313
4711.367283,0.000252
4713.295800,0.000147
4715.224317,0.000007
4717.152834,-0.000089
4719.081352,-0.000165
4721.009869,-0.000298
4722.938386,-0.000450
4724.866903,-0.000447
4726.795420,-0.000309
4728.723937,-0.000241
4730.652454,-0.000185
4732.580971,-0.000104
4734.509488,-0.000148
4736.438005,-0.000258
4738.366523,-0.000303
4740.295040,-0.000317
4742.223557,-0.000416
4744.152074,-0.000462
4746.080591,-0.000272
4748.009108,-0.000067
4749.937625,-0.000037
4751.866142,-0.000084
4753.794659,-0.000122
4755.723176,-0.000187
4757.651694,-0.000286
4759.580211,-0.000283
4761.508728,-0.000173
4763.437245,-0.000149
4765.365762,-0.000243
4767.294279,-0.000322
4769.222796,-0.000284
4771.151313,-0.000130
4773.079830,-0.000012
4775.008348,-0.000067
4776.936865,-0.000172
4778.865382,-0.000157
4780.793899,-0.000080
4782.722416,-0.000017
4784.650933,-0.000016
4786.579450,-0.000047
4788.507967,0.000043
4790.436484,0.000108
4792.365001,-0.000126
4794.293519,-0.000390
4796.222036,-0.000292
4798.150553,0.000010
4800.079070,0.000170
4802.007587,0.000180
4803.936104,0.000238
4805.864621,0.000315
4807.793138,0.000279
4809.721655,0.000279
4811.650172,0.000478
4813.578690,0.000659
4815.507207,0.000583
4817.435724,0.000467
4819.364241,0.000501
4821.292758,0.000559
4823.221275,0.000613
4825.149792,0.000658
4827.078309,0.000604
4829.006826,0.000478
4830.935344,0.000294
4832.863861,0.000096
4834.792378,0.000049
4836.720895,0.000102
4838.649412,0.000079
4840.577929,0.000053
4842.506446,0.000065
4844.434963,-0.000001
4846.363480,-0.000144
4848.291997,-0.000245
4850.220515,-0.000206
4852.149032,-0.000136
4854.077549,-0.000134
4856.006066,-0.000080
4857.934583,0.000092
4859.863100,0.000277
4861.791617,0.000346
4863.720134,0.000305
4865.648651,0.000229
4867.577168,0.000199
4869.505686,0.000274
4871.434203,0.000360
4873.362720,0.000347
4875.291237,0.000294
4877.219754,0.000284
4879.148271,0.000244
4881.076788,0.000097
4883.005305,-0.000034
4884.933822,-0.000016
4886.862339,0.000040
4888.790857,-0.000042
4890.719374,-0.000124
4892.647891,0.000001
4894.576408,0.000117
4896.504925,0.000008
4898.433442,-0.000165
4900.361959,-0.000249
4902.290476,-0.000203
4904.218993,-0.000081
4906.147511,-0.000048
4908.076028,-0.000094
4910.004545,-0.000095
4911.933062,-0.000083
4913.861579,-0.000154
4915.790096,-0.000289
4917.718613,-0.000353
4919.647130,-0.000242
4921.575647,-0.000097
4923.504164,-0.000069
4925.432682,-0.000107
4927.361199,-0.000207
4929.289716,-0.000312
4931.218233,-0.000234
4933.146750,-0.000047
4935.075267,0.000045
4937.003784,0.000008
4938.932301,-0.000098
4940.860818,-0.000097
4942.789335,0.000039
4944.717853,0.000069
4946.646370,-0.000028
4948.574887,-0.000077
4950.503404,-0.000046
4952.431921,-0.000047
4954.360438,-0.000154
4956.288955,-0.000284
4958.217472,-0.000318
4960.145989,-0.000223
4962.074507,-0.000125
4964.003024,-0.000139
4965.931541,-0.000153
4967.860058,-0.000089
4969.788575,-0.000026
4971.717092,0.000021
4973.645609,0.000151
4975.574126,0.000361
4977.502643,0.000472
4979.431160,0.000392
4981.359678,0.000239
4983.288195,0.000136
4985.216712,0.000114
4987.145229,0.000159
4989.073746,0.000227
4991.002263,0.000240
4992.930780,0.000118
4994.859297,-0.000099
4996.787814,-0.000253
4998.716331,-0.000270
5000.644849,-0.000206
5002.573366,-0.000106
5004.501883,0.000028
5006.430400,0.000178
5008.358917,0.000297
5010.287434,0.000387
5012.215951,0.000405
5014.144468,0.000274
5016.072985,0.000126
5018.001503,0.000095
5019.930020,0.000111
5021.858537,0.000194
5023.787054,0.000439
5025.715571,0.000617
5027.644088,0.000471
5029.572605,0.000159
5031.501122,-0.000072
5033.429639,-0.000185
5035.358156,-0.000199
5037.286674,-0.000131
5039.215191,-0.000011
5041.143708,0.000140
5043.072225,0.000284
5045.000742,0.000341
5046.929259,0.000229
5048.857776,0.000001
5050.786293,-0.000167
5052.714810,-0.000213
5054.643327,-0.000170
5056.571845,-0.000091
5058.500362,-0.000092
5060.428879,-0.000158
5062.357396,-0.000188
5064.285913,-0.000212
5066.214430,-0.000195
5068.142947,-0.000071
5070.071464,0.000055
5071.999981,0.000071
5073.928499,-0.000018
5075.857016,-0.000106
5077.785533,-0.000111
5079.714050,-0.000083
5081.642567,-0.000154
5083.571084,-0.000294
5085.499601,-0.000297
5087.428118,-0.000170
5089.356635,-0.000104
5091.285152,-0.000086
5093.213670,0.000022
5095.142187,0.000121
5097.070704,0.000033
5098.999221,-0.000075
5100.927738,-0.000023
5102.856255,0.000010
5104.784772,-0.000058
5106.713289,-0.000062
5108.641806,-0.000001
5110.570323,-0.000058
5112.498841,-0.000197
5114.427358,-0.000209
5116.355875,-0.000102
5118.284392,0.000014
5120.212909,0.000126
5122.141426,0.000227
5124.069943,0.000348
5125.998460,0.000473
5127.926977,0.000452
5129.855494,0.000293
5131.784012,0.000151
5133.712529,0.000038
5135.641046,-0.000056
5137.569563,-0.000090
5139.498080,-0.000091
5141.426597,-0.000160
5143.355114,-0.000294
5145.283631,-0.000278
5147.212148,-0.000028
5149.140666,0.000269
5151.069183,0.000434
5152.997700,0.000422
5154.926217,0.000321
5156.854734,0.000227
5158.783251,0.000177
5160.711768,0.000216
5162.640285,0.000197
5164.568802,-0.000052
5166.497319,-0.000305
5168.425837,-0.000327
5170.354354,-0.000209
5172.282871,-0.000053
5174.211388,0.000144
5176.139905,0.000386
5178.068422,0.000553
5179.996939,0.000527
5181.925456,0.000423
5183.853973,0.000367
5185.782490,0.000316
5187.711008,0.000261
5189.639525,0.000276
5191.568042,0.000344
5193.496559,0.000345
5195.425076,0.000213
5197.353593,-0.000005
5199.282110,-0.000201
5201.210627,-0.000326
5203.139144,-0.000401
5205.067662,-0.000424
5206.996179,-0.000336
5208.924696,-0.000132
5210.853213,0.000015
5212.781730,0.000019
5214.710247,-0.000010
5216.638764,0.000005
5218.567281,0.000056
5220.495798,0.000022
5222.424315,-0.000131
5224.352833,-0.000261
5226.281350,-0.000330
5228.209867,-0.000364
5230.138384,-0.000305
5232.066901,-0.000172
5233.995418,-0.000095
5235.923935,-0.000128
5237.852452,-0.000219
5239.780969,-0.000256
5241.709486,-0.000123
5243.638004,0.000117
5245.566521,0.000255
5247.495038,0.000221
5249.423555,0.000134
5251.352072,0.000069
5253.280589,0.000050
5255.209106,0.000113
5257.137623,0.000140
5259.066140,0.000055
5260.994658,-0.000066
5262.923175,-0.000167
5264.851692,-0.000160
5266.780209,-0.000033
5268.708726,0.000074
5270.637243,0.000097
5272.565760,0.000126
5274.494277,0.000188
5276.422794,0.000203
5278.351311,0.000210
5280.279829,0.000256
5282.208346,0.000229
5284.136863,0.000122
5286.065380,0.000063
5287.993897,0.000014
5289.922414,-0.000078
5291.850931,-0.000085
5293.779448,0.000013
5295.707965,0.000132
5297.636482,0.000192
5299.565000,0.000176
5301.493517,0.000185
5303.422034,0.000180
5305.350551,0.000086
5307.279068,0.000039
5309.207585,0.000128
5311.136102,0.000222
5313.064619,0.000161
5314.993136,0.000014
5316.921654,-0.000037
5318.850171,-0.000008
5320.778688,-0.000022
5322.707205,-0.000015
5324.635722,0.000158
5326.564239,0.000333
5328.492756,0.000288
5330.421273,0.000172
5332.349790,0.000169
5334.278307,0.000157
5336.206825,0.000017
5338.135342,-0.000101
5340.063859,-0.000024
5341.992376,0.000178
5343.920893,0.000325
5345.849410,0.000378
5347.777927,0.000400
5349.706444,0.000358
5351.634961,0.000206
5353.563478,0.000017
5355.491996,-0.000110
5357.420513,-0.000094
5359.349030,0.000051
5361.277547,0.000195
5363.206064,0.000262
5365.134581,0.000253
5367.063098,0.000127
5368.991615,-0.000095
5370.920132,-0.000208
5372.848650,-0.000159
5374.777167,-0.000123
5376.705684,-0.000119
5378.634201,-0.000050
5380.562718,0.000059
5382.491235,0.000156
5384.419752,0.000220
5386.348269,0.000236
5388.276786,0.000279
5390.205303,0.000298
5392.133821,0.000131
5394.062338,-0.000111
5395.990855,-0.000230
5397.919372,-0.000229
5399.847889,-0.000156
5401.776406,-0.000082
5403.704923,-0.000108
5405.633440,-0.000216
5407.561957,-0.000249
5409.490474,-0.000131
5411.418992,0.000001
5413.347509,-0.000008
5415.276026,-0.000155
5417.204543,-0.000292
5419.133060,-0.000290
5421.061577,-0.000171
5422.990094,-0.000017
5424.918611,0.000109
5426.847128,0.000151
5428.775645,0.000050
5430.704163,-0.000185
5432.632680,-0.000368
5434.561197,-0.000246
5436.489714,0.000126
5438.418231,0.000384
5440.346748,0.000389
5442.275265,0.000323
5444.203782,0.000249
5446.132299,0.000147
5448.060817,0.000127
5449.989334,0.000159
5451.917851,0.000128
5453.846368,0.000095
5455.774885,0.000087
5457.703402,0.000046
5459.631919,0.000014
5461.560436,0.000059
5463.488953,0.000142
5465.417470,0.000193
5467.345988,0.000207
5469.274505,0.000202
5471.203022,0.000161
5473.131539,0.000065
5475.060056,-0.000054
5476.988573,-0.000159
5478.917090,-0.000222
5480.845607,-0.000182
5482.774124,-0.000087
5484.702641,-0.000049
5486.631159,-0.000095
5488.559676,-0.000171
5490.488193,-0.000155
5492.416710,0.000005
5494.345227,0.000166
5496.273744,0.000172
5498.202261,0.000050
5500.130778,-0.000052
5502.059295,-0.000019
5503.987813,0.000077
5505.916330,0.000128
5507.844847,0.000143
5509.773364,0.000062
5511.701881,-0.000111
5513.630398,-0.000219
5515.558915,-0.000217
5517.487432,-0.000145
5519.415949,-0.000016
5521.344466,0.000109
5523.272984,0.000152
5525.201501,0.000170
5527.130018,0.000205
5529.058535,0.000164
5530.987052,0.000055
5532.915569,-0.000015
5534.844086,-0.000016
5536.772603,0.000053
5538.701120,0.000140
5540.629637,0.000157
5542.558155,0.000116
5544.486672,0.000076
5546.415189,0.000004
5548.343706,-0.000099
5550.272223,-0.000158
5552.200740,-0.000134
5554.129257,-0.000053
5556.057774,0.000038
5557.986291,0.000115
5559.914809,0.000118
5561.843326,0.000014
5563.771843,-0.000038
5565.700360,0.000025
5567.628877,0.000018
5569.557394,-0.000061
5571.485911,-0.000039
5573.414428,0.000019
5575.342945,0.000010
5577.271462,0.000016
5579.199980,0.000050
5581.128497,0.000050
5583.057014,0.000014
5584.985531,-0.000029
5586.914048,-0.000054
5588.842565,-0.000057
5590.771082,-0.000065
5592.699599,-0.000064
5594.628116,-0.000028
5596.556633,0.000001
5598.485151,0.000021
5600.413668,0.000087
5602.342185,0.000177
5604.270702,0.000189
5606.199219,0.000120
5608.127736,0.000035
5610.056253,-0.000047
5611.984770,-0.000049
5613.913287,0.000077
5615.841805,0.000180
5617.770322,0.000134
5619.698839,0.000027
5621.627356,-0.000043
5623.555873,-0.000082
5625.484390,-0.000073
5627.412907,-0.000023
5629.341424,-0.000008
5631.269941,-0.000056
5633.198458,-0.000120
5635.126976,-0.000158
5637.055493,-0.000160
5638.984010,-0.000130
5640.912527,-0.000035
5642.841044,0.000129
5644.769561,0.000247
5646.698078,0.000197
5648.626595,0.000034
5650.555112,-0.000070
5652.483629,-0.000061
5654.412147,-0.000057
5656.340664,-0.000112
5658.269181,-0.000154
5660.197698,-0.000141
5662.126215,-0.000092
5664.054732,-0.000005
5665.983249,0.000131
5667.911766,0.000249
5669.840283,0.000294
5671.768800,0.000306
5673.697318,0.000306
5675.625835,0.000250
5677.554352,0.000157
5679.482869,0.000071
5681.411386,0.000037
5683.339903,0.000142
5685.268420,0.000269
5687.196937,0.000192
5689.125454,-0.000008
5691.053972,-0.000107
5692.982489,-0.000083
5694.911006,-0.000017
5696.839523,0.000046
5698.768040,0.000075
5700.696557,0.000035
5702.625074,-0.000019
5704.553591,0.000017
5706.482108,0.000093
5708.410625,0.000073
5710.339143,-0.000060
5712.267660,-0.000192
5714.196177,-0.000223
5716.124694,-0.000152
5718.053211,-0.000015
5719.981728,0.000122
5721.910245,0.000141
5723.838762,0.000048
5725.767279,-0.000026
5727.695796,-0.000024
5729.624314,0.000024
5731.552831,0.000048
5733.481348,0.000048
5735.409865,0.000050
5737.338382,0.000020
5739.266899,-0.000015
5741.195416,-0.000003
5743.123933,0.000042
5745.052450,0.000038
5746.980968,-0.000054
5748.909485,-0.000103
5750.838002,-0.000052
5752.766519,0.000018
5754.695036,0.000099
5756.623553,0.000148
5758.552070,0.000084
5760.480587,-0.000034
5762.409104,-0.000106
5764.337621,-0.000089
5766.266139,0.000010
5768.194656,0.000087
5770.123173,0.000038
5772.051690,-0.000103
5773.980207,-0.000222
5775.908724,-0.000245
5777.837241,-0.000168
5779.765758,-0.000041
5781.694275,0.000057
5783.622792,0.000076
5785.551310,0.000024
5787.479827,-0.000047
5789.408344,-0.000097
5791.336861,-0.000114
5793.265378,-0.000065
5795.193895,0.000047
5797.122412,0.000127
5799.050929,0.000090
5800.979446,-0.000005
5802.907964,-0.000023
5804.836481,0.000049
5806.764998,0.000112
5808.693515,0.000095
5810.622032,0.000022
5812.550549,-0.000033
5814.479066,-0.000028
5816.407583,0.000006
5818.336100,-0.000002
5820.264617,-0.000048
5822.193135,-0.000049
5824.121652,-0.000001
5826.050169,0.000025
5827.978686,-0.000018
5829.907203,-0.000103
5831.835720,-0.000147
5833.764237,-0.000085
5835.692754,0.000025
5837.621271,0.000067
5839.549788,0.000034
5841.478306,-0.000021
5843.406823,-0.000043
5845.335340,0.000010
5847.263857,0.000081
5849.192374,0.000076
5851.120891,0.000030
5853.049408,0.000007
5854.977925,0.000027
5856.906442,0.000085
5858.834960,0.000112
5860.763477,0.000078
5862.691994,0.000042
5864.620511,0.000047
5866.549028,0.000106
5868.477545,0.000179
5870.406062,0.000187
5872.334579,0.000114
5874.263096,0.000036
5876.191613,0.000030
5878.120131,0.000063
5880.048648,0.000070
5881.977165,0.000065
5883.905682,0.000056
5885.834199,0.000019
5887.762716,-0.000022
5889.691233,-0.000015
5891.619750,0.000010
5893.548267,-0.000028
5895.476784,-0.000124
5897.405302,-0.000152
5899.333819,-0.000054
5901.262336,0.000038
5903.190853,-0.000006
5905.119370,-0.000071
5907.047887,-0.000003
5908.976404,0.000089
5910.904921,0.000059
5912.833438,-0.000017
5914.761955,-0.000030
5916.690473,0.000010
5918.618990,0.000038
5920.547507,0.000016
5922.476024,-0.000037
5924.404541,-0.000092
5926.333058,-0.000123
5928.261575,-0.000068
5930.190092,0.000049
5932.118609,0.000096
5934.047127,0.000026
5935.975644,-0.000054
5937.904161,-0.000046
5939.832678,0.000004
5941.761195,0.000015
5943.689712,-0.000003
5945.618229,-0.000009
5947.546746,-0.000001
5949.475263,0.000010
5951.403780,0.000024
5953.332298,0.000057
5955.260815,0.000115
5957.189332,0.000130
5959.117849,0.000037
5961.046366,-0.000033
5962.974883,0.000050
5964.903400,0.000166
5966.831917,0.000188
5968.760434,0.000162
5970.688951,0.000153
5972.617469,0.000170
5974.545986,0.000170
5976.474503,0.000105
5978.403020,0.000014
5980.331537,-0.000034
5982.260054,-0.000040
5984.188571,-0.000040
5986.117088,-0.000027
5988.045605,0.000036
5989.974123,0.000123
5991.902640,0.000129
5993.831157,0.000046
5995.759674,0.000013
5997.688191,0.000068
5999.616708,0.000099
6001.545225,0.000065
6003.473742,0.000013
6005.402259,-0.000043
6007.330776,-0.000096
6009.259294,-0.000120
6011.187811,-0.000116
6013.116328,-0.000110
6015.044845,-0.000108
6016.973362,-0.000076
6018.901879,-0.000007
6020.830396,0.000041
6022.758913,0.000045
6024.687430,0.000014
6026.615947,-0.000028
6028.544465,-0.000051
6030.472982,-0.000061
6032.401499,-0.000052
6034.330016,-0.000006
6036.258533,0.000033
6038.187050,0.000033
6040.115567,0.000053
6042.044084,0.000111
6043.972601,0.000118
6045.901119,0.000059
6047.829636,0.000007
6049.758153,-0.000008
6051.686670,-0.000029
6053.615187,-0.000089
6055.543704,-0.000123
6057.472221,-0.000081
6059.400738,-0.000021
6061.329255,0.000002
6063.257772,0.000003
6065.186290,-0.000005
6067.114807,-0.000022
6069.043324,-0.000030
6070.971841,-0.000033
6072.900358,-0.000058
6074.828875,-0.000095
6076.757392,-0.000081
6078.685909,-0.000002
6080.614426,0.000048
6082.542943,0.000023
6084.471461,-0.000010
6086.399978,0.000015
6088.328495,0.000063
6090.257012,0.000059
6092.185529,0.000033
6094.114046,0.000042
6096.042563,0.000077
6097.971080,0.000098
6099.899597,0.000081
6101.828115,0.000061
6103.756632,0.000040
6105.685149,-0.000000
6107.613666,-0.000030
6109.542183,-0.000041
6111.470700,-0.000046
6113.399217,-0.000049
6115.327734,-0.000057
6117.256251,-0.000041
6119.184768,0.000015
6121.113286,0.000054
6123.041803,0.000057
6124.970320,0.000058
6126.898837,0.000073
6128.827354,0.000091
6130.755871,0.000086
6132.684388,0.000047
6134.612905,0.000006
6136.541422,0.000011
6138.469939,0.000039
6140.398457,0.000038
6142.326974,0.000018
6144.255491,-0.000001
6146.184008,-0.000018
6148.112525,-0.000022
6150.041042,-0.000017
6151.969559,0.000001
6153.898076,0.000009
6155.826593,-0.000002
6157.755111,-0.000003
6159.683628,-0.000004
6161.612145,-0.000038
6163.540662,-0.000072
6165.469179,-0.000058
6167.397696,-0.000019
6169.326213,-0.000000
6171.254730,-0.000003
6173.183247,0.000002
6175.111764,0.000017
6177.040282,0.000002
6178.968799,-0.000027
6180.897316,-0.000049
6182.825833,-0.000076
6184.754350,-0.000079
6186.682867,-0.000036
6188.611384,0.000000
6190.539901,0.000018
6192.468418,0.000043
6194.396935,0.000044
6196.325453,0.000007
6198.253970,-0.000034
6200.182487,-0.000059
6202.111004,-0.000046
6204.039521,-0.000002
6205.968038,0.000018
6207.896555,0.000005
6209.825072,0.000001
6211.753589,0.000017
6213.682106,0.000037
6215.610624,0.000043
6217.539141,0.000017
6219.467658,-0.000026
6221.396175,-0.000036
6223.324692,-0.000004
6225.253209,0.000031
6227.181726,0.000046
6229.110243,0.000042
6231.038760,0.000029
6232.967278,0.000022
6234.895795,0.000017
6236.824312,0.000016
6238.752829,0.000021
6240.681346,0.000017
6242.609863,0.000023
6244.538380,0.000064
6246.466897,0.000089
6248.395414,0.000064
6250.323931,0.000040
6252.252449,0.000045
6254.180966,0.000040
6256.109483,0.000023
6258.038000,0.000001
6259.966517,-0.000034
6261.895034,-0.000062
6263.823551,-0.000057
6265.752068,-0.000020
6267.680585,0.000019
6269.609102,0.000030
6271.537620,0.000012
6273.466137,-0.000019
6275.394654,-0.000037
6277.323171,-0.000014
6279.251688,0.000022
6281.180205,0.000024
6283.108722,-0.000001
6285.037239,-0.000017
6286.965756,-0.000021
6288.894274,-0.000012
6290.822791,0.000012
6292.751308,0.000030
6294.679825,0.000024
6296.608342,0.000007
6298.536859,-0.000008
6300.465376,-0.000020
6302.393893,-0.000030
6304.322410,-0.000036
6306.250927,-0.000042
6308.179445,-0.000041
6310.107962,-0.000021
6312.036479,0.000008
6313.964996,0.000020
6315.893513,0.000011
6317.822030,-0.000002
6319.750547,-0.000010
6321.679064,-0.000015
6323.607581,-0.000016
6325.536098,-0.000015
6327.464616,-0.000018
6329.393133,-0.000023
6331.321650,-0.000020
6333.250167,-0.000004
6335.178684,0.000015
6337.107201,0.000017
6339.035718,0.000004
6340.964235,-0.000013
6342.892752,-0.000025
6344.821270,-0.000013
6346.749787,0.000001
6348.678304,-0.000008
6350.606821,-0.000010
6352.535338,0.000014
6354.463855,0.000038
6356.392372,0.000050
6358.320889,0.000048
6360.249406,0.000031
6362.177923,0.000010
6364.106441,-0.000004
6366.034958,-0.000010
6367.963475,-0.000012
6369.891992,-0.000016
6371.820509,-0.000027
6373.749026,-0.000030
6375.677543,-0.000015
6377.606060,0.000005
6379.534577,0.000015
6381.463094,0.000021
6383.391612,0.000023
6385.320129,0.000018
6387.248646,0.000009
6389.177163,0.000006
6391.105680,0.000019
6393.034197,0.000033
6394.962714,0.000037
6396.891231,0.000042
6398.819748,0.000043
6400.748266,0.000030
6402.676783,0.000017
6404.605300,0.000026
6406.533817,0.000032
6408.462334,0.000017
6410.390851,-0.000004
6412.319368,-0.000023
6414.247885,-0.000032
6416.176402,-0.000023
6418.104919,-0.000009
6420.033437,-0.000005
6421.961954,-0.000008
6423.890471,-0.000018
6425.818988,-0.000041
6427.747505,-0.000057
6429.676022,-0.000050
6431.604539,-0.000044
6433.533056,-0.000053
6435.461573,-0.000039
6437.390090,0.000005
6439.318608,0.000022
6441.247125,-0.000000
6443.175642,-0.000015
6445.104159,-0.000011
6447.032676,-0.000001
6448.961193,0.000010
6450.889710,0.000016
6452.818227,0.000022
6454.746744,0.000028
6456.675261,0.000012
6458.603779,-0.000028
6460.532296,-0.000054
6462.460813,-0.000043
6464.389330,-0.000018
6466.317847,-0.000001
6468.246364,0.000009
6470.174881,0.000001
6472.103398,-0.000011
6474.031915,0.000016
6475.960433,0.000050
6477.888950,0.000041
6479.817467,0.000013
6481.745984,0.000004
6483.674501,0.000009
6485.603018,0.000012
6487.531535,0.000007
6489.460052,-0.000004
6491.388569,-0.000009
6493.317086,-0.000004
6495.245604,0.000002
6497.174121,0.000000
6499.102638,-0.000009
6501.031155,-0.000012
6502.959672,0.000000
6504.888189,0.000017
6506.816706,0.000022
6508.745223,0.000013
6510.673740,0.000002
6512.602257,0.000001
6514.530775,0.000012
6516.459292,0.000019
6518.387809,0.000012
6520.316326,0.000003
6522.244843,0.000001
6524.173360,0.000016
6526.101877,0.000032
6528.030394,0.000024
6529.958911,-0.000001
6531.887429,-0.000011
6533.815946,0.000003
6535.744463,0.000019
6537.672980,0.000016
6539.601497,0.000008
6541.530014,0.000014
6543.458531,0.000019
6545.387048,0.000010
6547.315565,0.000004
6549.244082,0.000014
6551.172600,0.000030
6553.101117,0.000037
6555.029634,0.000028
6556.958151,0.000010
6558.886668,-0.000000
6560.815185,0.000007
6562.743702,0.000016
6564.672219,0.000011
6566.600736,0.000002
6568.529253,0.000003
6570.457771,0.000017
6572.386288,0.000028
6574.314805,0.000034
6576.243322,0.000034
6578.171839,0.000021
6580.100356,0.000007
6582.028873,0.000007
6583.957390,0.000011
6585.885907,0.000010
6587.814425,0.000008
6589.742942,-0.000000
6591.671459,-0.000008
6593.599976,-0.000005
6595.528493,0.000003
6597.457010,0.000003
6599.385527,-0.000003
6601.314044,-0.000003
6603.242561,0.000007
6605.171078,0.000018
6607.099596,0.000026
6609.028113,0.000028
6610.956630,0.000021
6612.885147,0.000003
6614.813664,-0.000012
6616.742181,-0.000012
6618.670698,-0.000001
6620.599215,0.000002
6622.527732,-0.000003
6624.456249,-0.000006
6626.384767,-0.000013
6628.313284,-0.000023
6630.241801,-0.000026
6632.170318,-0.000018
6634.098835,-0.000007
6636.027352,-0.000001
6637.955869,-0.000001
6639.884386,-0.000000
6641.812903,0.000007
6643.741421,0.000015
6645.669938,0.000012
6647.598455,-0.000005
6649.526972,-0.000023
6651.455489,-0.000031
6653.384006,-0.000026
6655.312523,-0.000014
6657.241040,-0.000007
6659.169557,-0.000008
6661.098074,-0.000014
6663.026592,-0.000017
6664.955109,-0.000015
6666.883626,-0.000015
6668.812143,-0.000014
6670.740660,-0.000007
6672.669177,0.000005
6674.597694,0.000007
6676.526211,-0.000005
6678.454728,-0.000011
6680.383245,-0.000001
6682.311763,0.000008
6684.240280,0.000004
6686.168797,-0.000005
6688.097314,-0.000006
6690.025831,-0.000005
6691.954348,-0.000011
6693.882865,-0.000017
6695.811382,-0.000021
6697.739899,-0.000023
6699.668417,-0.000016
6701.596934,-0.000001
6703.525451,0.000008
6705.453968,0.000006
6707.382485,0.000003
6709.311002,0.000001
6711.239519,-0.000004
6713.168036,-0.000011
6715.096553,-0.000011
6717.025070,-0.000004
6718.953588,0.000001
6720.882105,0.000001
6722.810622,-0.000000
6724.739139,0.000002
6726.667656,0.000004
6728.596173,0.000005
6730.524690,0.000006
6732.453207,0.000007
6734.381724,0.000010
6736.310241,0.000010
6738.238759,0.000004
6740.167276,0.000001
6742.095793,0.000007
6744.024310,0.000012
6745.952827,0.000018
6747.881344,0.000024
6749.809861,0.000021
6751.738378,0.000011
6753.666895,0.000005
6755.595412,0.000004
6757.523930,0.000001
6759.452447,-0.000002
6761.380964,-0.000000
6763.309481,0.000002
6765.237998,0.000002
6767.166515,0.000001
6769.095032,0.000003
6771.023549,0.000005
6772.952066,0.000002
6774.880584,-0.000003
6776.809101,-0.000005
6778.737618,-0.000006
6780.666135,-0.000006
6782.594652,-0.000006
6784.523169,-0.000007
6786.451686,-0.000007
6788.380203,-0.000002
6790.308720,0.000003
6792.237237,0.000005
6794.165755,0.000003
6796.094272,-0.000002
6798.022789,-0.000005
6799.951306,-0.000007
6801.879823,-0.000007
6803.808340,-0.000001
6805.736857,0.000003
6807.665374,-0.000003
6809.593891,-0.000009
6811.522408,-0.000007
6813.450926,-0.000002
6815.379443,0.000002
6817.307960,0.000004
6819.236477,0.000004
6821.164994,0.000004
6823.093511,0.000006
6825.022028,0.000009
6826.950545,0.000011
6828.879062,0.000007
6830.807580,-0.000004
6832.736097,-0.000011
6834.664614,-0.000008
6836.593131,-0.000000
6838.521648,0.000005
6840.450165,0.000005
6842.378682,0.000004
6844.307199,0.000004
6846.235716,0.000002
6848.164233,-0.000001
6850.092751,-0.000004
6852.021268,-0.000005
6853.949785,-0.000001
6855.878302,0.000004
6857.806819,0.000005
6859.735336,0.000005
6861.663853,0.000008
6863.592370,0.000012
6865.520887,0.000012
6867.449404,0.000006
6869.377922,-0.000001
6871.306439,-0.000004
6873.234956,-0.000005
6875.163473,-0.000002
6877.091990,0.000002
6879.020507,0.000002
6880.949024,-0.000002
6882.877541,-0.000004
6884.806058,-0.000002
6886.734576,-0.000001
6888.663093,-0.000001
6890.591610,-0.000001
6892.520127,-0.000001
6894.448644,-0.000003
6896.377161,-0.000007
6898.305678,-0.000005
6900.234195,0.000000
6902.162712,0.000002
6904.091229,0.000001
6906.019747,-0.000002
6907.948264,-0.000005
6909.876781,-0.000003
6911.805298,-0.000001
6913.733815,-0.000002
6915.662332,-0.000002
6917.590849,-0.000000
6919.519366,0.000001
6921.447883,0.000002
6923.376400,0.000003
6925.304918,0.000001
6927.233435,-0.000004
6929.161952,-0.000006
6931.090469,-0.000004
6933.018986,0.000001
6934.947503,0.000004
6936.876020,0.000002
6938.804537,-0.000007
6940.733054,-0.000013
6942.661572,-0.000014
6944.590089,-0.000012
6946.518606,-0.000008
6948.447123,-0.000003
6950.375640,0.000004
6952.304157,0.000009
6954.232674,0.000007
6956.161191,0.000003
6958.089708,-0.000001
6960.018225,-0.000003
6961.946743,-0.000003
6963.875260,-0.000001
6965.803777,-0.000001
6967.732294,-0.000003
6969.660811,-0.000005
6971.589328,-0.000005
6973.517845,-0.000002
6975.446362,0.000001
6977.374879,0.000000
6979.303396,-0.000001
6981.231914,-0.000000
6983.160431,0.000001
6985.088948,0.000003
6987.017465,0.000004
6988.945982,0.000003
6990.874499,0.000002
6992.803016,-0.000001
6994.731533,-0.000006
6996.660050,-0.000008
6998.588567,-0.000005
7000.517085,-0.000000
7002.445602,0.000002
7004.374119,0.000004
7006.302636,0.000005
7008.231153,0.000005
7010.159670,0.000004
7012.088187,0.000003
7014.016704,-0.000001
7015.945221,-0.000005
7017.873739,-0.000007
7019.802256,-0.000006
7021.730773,-0.000004
7023.659290,-0.000001
7025.587807,0.000001
7027.516324,0.000002
7029.444841,0.000001
7031.373358,-0.000001
7033.301875,-0.000001
7035.230392,0.000001
7037.158910,0.000002
7039.087427,0.000001
7041.015944,-0.000001
7042.944461,-0.000002
7044.872978,0.000000
7046.801495,0.000001
7048.730012,0.000001
7050.658529,0.000003
7052.587046,0.000003
7054.515563,0.000001
7056.444081,-0.000001
7058.372598,-0.000003
7060.301115,-0.000003
7062.229632,-0.000002
7064.158149,-0.000001
7066.086666,0.000000
7068.015183,0.000000
7069.943700,-0.000002
7071.872217,-0.000005
7073.800735,-0.000005
7075.729252,-0.000003
7077.657769,0.000001
7079.586286,0.000003
7081.514803,0.000003
7083.443320,0.000002
7085.371837,0.000001
7087.300354,0.000000
7089.228871,0.000001
7091.157388,0.000003
7093.085906,0.000004
7095.014423,0.000003
7096.942940,0.000003
7098.871457,0.000003
7100.799974,0.000003
7102.728491,0.000002
7104.657008,0.000002
7106.585525,0.000001
7108.514042,0.000001
7110.442559,0.000000
7112.371077,0.000000
7114.299594,-0.000000
7116.228111,-0.000000
7118.156628,-0.000000
7120.085145,0.000000
7122.013662,-0.000001
7123.942179,-0.000002
7125.870696,-0.000002
7127.799213,-0.000001
7129.727731,-0.000001
7131.656248,-0.000001
7133.584765,-0.000001
7135.513282,-0.000000
7137.441799,0.000001
7139.370316,0.000001
7141.298833,0.000002
7143.227350,0.000002
7145.155867,0.000002
7147.084384,0.000001
7149.012902,0.000002
7150.941419,0.000002
7152.869936,0.000002
7154.798453,0.000002
7156.726970,0.000002
7158.655487,0.000003
7160.584004,0.000002
7162.512521,0.000001
7164.441038,-0.000000
7166.369555,-0.000000
7168.298073,0.000000
7170.226590,0.000000
7172.155107,-0.000000
7174.083624,-0.000001
7176.012141,0.000000
7177.940658,0.000001
7179.869175,0.000001
7181.797692,0.000000
7183.726209,0.000001
7185.654727,0.000001
7187.583244,-0.000000
7189.511761,-0.000001
7191.440278,-0.000000
7193.368795,0.000001
7195.297312,0.000002
7197.225829,0.000001
7199.154346,0.000000
7201.082863,-0.000001
7203.011380,-0.000001
7204.939898,-0.000001
7206.868415,-0.000001
7208.796932,0.000000
7210.725449,0.000000
7212.653966,-0.000000
7214.582483,-0.000000
7216.511000,0.000000
7218.439517,0.000001
7220.368034,0.000003
7222.296551,0.000004
7224.225069,0.000003
7226.153586,0.000001
7228.082103,0.000000
7230.010620,0.000000
7231.939137,-0.000000
7233.867654,-0.000001
7235.796171,-0.000001
7237.724688,0.000000
7239.653205,0.000001
7241.581722,0.000001
7243.510240,0.000001
7245.438757,0.000002
7247.367274,0.000002
7249.295791,0.000002
7251.224308,0.000002
7253.152825,0.000001
7255.081342,0.000001
7257.009859,0.000001
7258.938376,0.000001
7260.866894,0.000001
7262.795411,0.000000
7264.723928,0.000000
7266.652445,0.000000
7268.580962,0.000000
7270.509479,-0.000000
7272.437996,-0.000000
7274.366513,-0.000000
7276.295030,0.000000
7278.223547,-0.000000
7280.152065,-0.000001
7282.080582,-0.000000
7284.009099,0.000000
7285.937616,0.000000
7287.866133,0.000000
7289.794650,-0.000000
7291.723167,-0.000000
7293.651684,0.000000
7295.580201,-0.000000
7297.508718,-0.000000
7299.437236,-0.000000
7301.365753,0.000000
7303.294270,0.000000
7305.222787,0.000000
7307.151304,0.000001
7309.079821,0.000001
7311.008338,0.000000
7312.936855,-0.000000
7314.865372,-0.000001
7316.793890,-0.000001
7318.722407,-0.000001
7320.650924,0.000000
7322.579441,0.000001
7324.507958,0.000001
7326.436475,0.000000
7328.364992,-0.000000
7330.293509,0.000000
7332.222026,0.000000
7334.150543,0.000000
7336.079061,-0.000000
7338.007578,-0.000000
7339.936095,-0.000000
7341.864612,0.000000
7343.793129,0.000000
7345.721646,0.000000
7347.650163,0.000000
7349.578680,0.000000
7351.507197,0.000000
7353.435714,0.000000
7355.364232,0.000000
7357.292749,0.000000
7359.221266,0.000000
7361.149783,0.000000
7363.078300,0.000000
7365.006817,0.000000
7366.935334,0.000000
7368.863851,0.000000
7370.792368,0.000000
7372.720886,0.000000
7374.649403,0.000000
7376.577920,0.000000
7378.506437,0.000000
7380.434954,0.000000
7382.363471,0.000000
7384.291988,-0.000000
7386.220505,0.000000
7388.149022,0.000000
7390.077539,-0.000000
7392.006057,-0.000000
7393.934574,-0.000000
7395.863091,-0.000000
7397.791608,-0.000000
7399.720125,-0.000000
7401.648642,-0.000000
7403.577159,-0.000000
7405.505676,-0.000000
7407.434193,-0.000000
7409.362710,-0.000000
7411.291228,-0.000000
7413.219745,-0.000000
7415.148262,-0.000000
7417.076779,-0.000000
7419.005296,-0.000000
7420.933813,-0.000000
7422.862330,-0.000000
7424.790847,-0.000000
7426.719364,-0.000000
7428.647882,0.000000
7430.576399,0.000000
7432.504916,-0.000000
7434.433433,-0.000000
7436.361950,-0.000000
7438.290467,0.000000
7440.218984,0.000000
7442.147501,0.000000
7444.076018,0.000000
7446.004535,0.000000
7447.933053,0.000000
7449.861570,0.000000
7451.790087,0.000000
7453.718604,0.000000
7455.647121,0.000000
7457.575638,0.000000
7459.504155,0.000000
7461.432672,-0.000000
7463.361189,-0.000000
7465.289706,-0.000000
7467.218224,-0.000000
7469.146741,-0.000000
7471.075258,0.000000
7473.003775,0.000000
7474.932292,0.000000
7476.860809,0.000000
7478.789326,-0.000000
7480.717843,-0.000000
7482.646360,-0.000000
7484.574878,-0.000000
7486.503395,-0.000000
7488.431912,-0.000000
7490.360429,-0.000000
7492.288946,-0.000000
7494.217463,-0.000000
7496.145980,-0.000000
7498.074497,-0.000000
7500.003014,0.000000
7501.931531,0.000000
7503.860049,0.000000
7505.788566,0.000000
7507.717083,0.000000
7509.645600,0.000000
7511.574117,-0.000000
7513.502634,-0.000000
7515.431151,-0.000000
7517.359668,-0.000000
7519.288185,-0.000000
7521.216702,-0.000000
7523.145220,-0.000000
7525.073737,-0.000000
7527.002254,-0.000000
7528.930771,0.000000
7530.859288,0.000000
7532.787805,0.000000
7534.716322,0.000000
7536.644839,0.000000
7538.573356,0.000000
7540.501873,-0.000000
7542.430391,-0.000000
7544.358908,0.000000
7546.287425,0.000000
7548.215942,0.000000
7550.144459,0.000000
7552.072976,-0.000000
7554.001493,0.000000
7555.930010,0.000000
7557.858527,0.000000
7559.787045,0.000000
7561.715562,0.000000
7563.644079,0.000000
7565.572596,0.000000
7567.501113,0.000000
7569.429630,0.000000
7571.358147,0.000000
7573.286664,0.000000
7575.215181,0.000000
7577.143698,0.000000
7579.072216,0.000000
7581.000733,0.000000
7582.929250,0.000000
7584.857767,-0.000000
7586.786284,-0.000000
7588.714801,-0.000000
7590.643318,-0.000000
7592.571835,-0.000000
7594.500352,0.000000
7596.428869,0.000000
7598.357387,0.000000
7600.285904,0.000000
7602.214421,0.000000
7604.142938,0.000000
7606.071455,0.000000
7607.999972,-0.000000
7609.928489,-0.000000
7611.857006,-0.000000
7613.785523,-0.000000
7615.714041,-0.000000
7617.642558,-0.000000
7619.571075,-0.000000
7621.499592,-0.000000
7623.428109,-0.000000
7625.356626,-0.000000
7627.285143,-0.000000
7629.213660,-0.000000
7631.142177,0.000000
7633.070694,0.000000
7634.999212,0.000000
7636.927729,0.000000
7638.856246,-0.000000
7640.784763,-0.000000
7642.713280,-0.000000
7644.641797,-0.000000
7646.570314,0.000000
7648.498831,0.000000
7650.427348,0.000000
7652.355865,0.000000
7654.284383,0.000000
7656.212900,0.000000
7658.141417,-0.000000
7660.069934,-0.000000
7661.998451,-0.000000
7663.926968,-0.000000
7665.855485,-0.000000
7667.784002,-0.000000
7669.712519,-0.000000
7671.641037,-0.000000
7673.569554,-0.000000
7675.498071,0.000000
7677.426588,0.000000
7679.355105,0.000000
7681.283622,0.000000
7683.212139,0.000000
7685.140656,0.000000
7687.069173,0.000000
7688.997690,0.000000
7690.926208,-0.000000
7692.854725,-0.000000
7694.783242,-0.000000
7696.711759,0.000000
7698.640276,0.000000
7700.568793,0.000000
7702.497310,0.000000
7704.425827,0.000000
7706.354344,0.000000
7708.282861,-0.000000
7710.211379,-0.000000
7712.139896,-0.000000
7714.068413,-0.000000
7715.996930,-0.000000
7717.925447,-0.000000
7719.853964,0.000000
7721.782481,0.000000
7723.710998,0.000000
7725.639515,0.000000
7727.568033,0.000000
7729.496550,0.000000
7731.425067,-0.000000
7733.353584,-0.000000
7735.282101,0.000000
7737.210618,0.000000
7739.139135,0.000000
7741.067652,0.000000
7742.996169,0.000000
7744.924686,0.000000
7746.853204,0.000000
7748.781721,0.000000
7750.710238,0.000000
7752.638755,0.000000
7754.567272,0.000000
7756.495789,0.000000
7758.424306,-0.000000
7760.352823,-0.000000
7762.281340,-0.000000
7764.209857,-0.000000
7766.138375,-0.000000
7768.066892,-0.000000
7769.995409,0.000000
7771.923926,0.000000
7773.852443,0.000000
7775.780960,0.000000
7777.709477,0.000000
7779.637994,0.000000
7781.566511,0.000000
7783.495028,0.000000
7785.423546,0.000000
7787.352063,0.000000
7789.280580,0.000000
7791.209097,0.000000
7793.137614,0.000000
7795.066131,0.000000
7796.994648,0.000000
7798.923165,0.000000
7800.851682,0.000000
7802.780200,0.000000
7804.708717,-0.000000
7806.637234,-0.000000
7808.565751,-0.000000
7810.494268,-0.000000
7812.422785,0.000000
7814.351302,0.000000
7816.279819,0.000000
7818.208336,0.000000
7820.136853,0.000000
7822.065371,0.000000
7823.993888,-0.000000
7825.922405,-0.000000
7827.850922,-0.000000
7829.779439,-0.000000
7831.707956,-0.000000
7833.636473,0.000000
7835.564990,0.000000
7837.493507,-0.000000
7839.422024,-0.000000
7841.350542,-0.000000
7843.279059,-0.000000
7845.207576,0.000000
7847.136093,0.000000
7849.064610,0.000000
7850.993127,0.000000
7852.921644,0.000000
7854.850161,-0.000000
7856.778678,-0.000000
7858.707196,-0.000000
7860.635713,-0.000000
7862.564230,-0.000000
7864.492747,-0.000000
7866.421264,-0.000000
7868.349781,-0.000000
7870.278298,-0.000000
7872.206815,-0.000000
7874.135332,-0.000000
7876.063849,-0.000000
7877.992367,-0.000000
7879.920884,-0.000000
7881.849401,-0.000000
7883.777918,-0.000000
7885.706435,-0.000000
7887.634952,-0.000000
7889.563469,-0.000000
7891.491986,-0.000000
7893.420503,-0.000000
7895.349020,-0.000000
7897.277538,0.000000
